Date,Open,High,Low,Close,Adj Close,Volume
9/14/2016,64.379997,64.910004,63.610001,63.869999,50.144039,181700
9/15/2016,64.190002,64.800003,63.93,64.5,50.638649,71700
9/16/2016,63.740002,64.709999,63.669998,64.480003,50.622952,164300
9/19/2016,64.43,64.620003,63.970001,64.220001,50.418819,209200
9/20/2016,64.290001,64.639999,63.93,64.059998,50.293205,82700
9/21/2016,64.720001,65.75,64.519997,65.68,51.565063,175000
9/22/2016,65.900002,66.129997,65.220001,65.440002,51.37664,82400
9/23/2016,64.889999,65.449997,64.349998,64.449997,50.599392,77000
9/26/2016,63.849998,64.440002,63.849998,63.889999,50.159737,83200
9/27/2016,64.120003,64.129997,63.540001,63.959999,50.214695,85800
9/28/2016,64.160004,66.040001,63.619999,66.019997,51.831989,111700
9/29/2016,65.900002,66.790001,65.510002,65.800003,51.659275,165400
9/30/2016,66.059998,67.239998,66.059998,66.800003,52.444363,106900
10/3/2016,65.93,66.639999,65.540001,66.459999,52.177437,105100
10/4/2016,66.830002,67.349998,66.269997,66.5,52.208832,63700
10/5/2016,68.779999,69.970001,68.360001,69.75,54.760391,276200
10/6/2016,71.459999,72.790001,71.410004,72.32,56.778095,338000
10/7/2016,71.68,71.839996,70.480003,70.980003,55.726067,95600
10/10/2016,71.629997,73.279999,71.400002,72.860001,57.202045,223700
10/11/2016,71.860001,71.879997,70.540001,70.949997,55.702511,94000
10/12/2016,70.279999,70.379997,69.620003,70.279999,55.176495,122400
10/13/2016,68.849998,69.519997,68.019997,69.349998,54.446358,124100
10/14/2016,69.830002,69.949997,69.160004,69.510002,54.571972,93900
10/17/2016,69.050003,69.160004,68.519997,68.739998,53.967453,85300
10/18/2016,69.900002,69.900002,69.459999,69.610001,54.65049,44000
10/19/2016,69.949997,70.839996,69.650002,70.129997,55.058727,140000
10/20/2016,71.25,71.760002,70.769997,71.489998,56.126465,130800
10/21/2016,70.989998,71.519997,70.970001,71.139999,55.851673,133000
10/24/2016,72.839996,73.410004,72.25,73.220001,57.484673,240300
10/25/2016,72.529999,72.949997,71.739998,71.800003,56.369843,101500
10/26/2016,70.879997,71.480003,70.639999,71.059998,55.788876,48400
10/27/2016,70.400002,70.510002,69.989998,70.150002,55.074444,110600
10/28/2016,69.5,69.580002,67.940002,67.989998,53.378632,123100
10/31/2016,68.080002,68.32,67.580002,67.730003,53.174511,157900
11/1/2016,69.339996,69.739998,68.269997,68.800003,54.014565,145200
11/2/2016,67.839996,68.379997,66.760002,67.18,52.742702,141100
11/3/2016,67.730003,68.169998,67.099998,67.290001,52.829071,71100
11/4/2016,67.309998,67.790001,67.040001,67.150002,52.719154,114000
11/7/2016,69.300003,69.910004,69.160004,69.870003,54.85461,140800
11/8/2016,68.860001,70.5,68.800003,69.800003,54.799664,129900
11/9/2016,68.019997,69.07,67.690002,68.25,53.582752,276100
11/10/2016,67.339996,67.529999,66.379997,66.760002,52.412964,140700
11/11/2016,65.730003,66.150002,65.110001,65.760002,51.627869,114200
11/14/2016,65.510002,66,65.029999,65.669998,51.557205,109600
11/15/2016,66.449997,67.400002,66.419998,67.290001,52.829071,156300
11/16/2016,66.410004,67.089996,66.239998,66.470001,52.185287,102000
11/17/2016,66.690002,67.169998,66.260002,66.400002,52.130325,106900
11/18/2016,66.699997,67.089996,66.330002,66.739998,52.397263,130900
11/21/2016,67.309998,68.089996,67.25,68.029999,53.410034,143100
11/22/2016,69.300003,69.779999,69.019997,69.300003,54.407112,139300
11/23/2016,68.440002,69.07,68.440002,68.660004,53.904644,143300
11/25/2016,68.800003,68.900002,68.300003,68.519997,53.794724,50100
11/28/2016,69.07,69.290001,68.260002,68.290001,53.61417,107700
11/29/2016,67.620003,68.339996,67.620003,67.809998,53.237309,88500
11/30/2016,69.360001,71.18,69.360001,70.540001,55.380619,197400
12/1/2016,71.300003,72.139999,70.550003,71.050003,55.781013,141900
12/2/2016,71.220001,71.419998,70.57,70.82,55.600452,117300
12/5/2016,70.699997,71.120003,70.660004,70.900002,55.663265,84100
12/6/2016,70.760002,70.989998,70.510002,70.760002,55.553345,69400
12/7/2016,70.82,71.800003,70.629997,71.720001,56.307045,91800
12/8/2016,71.370003,71.830002,70.970001,71.480003,56.11861,72300
12/9/2016,70.550003,71.169998,70.050003,70.650002,55.466988,138300
12/12/2016,70.489998,71.07,69.970001,70.099998,55.035179,154500
12/13/2016,73.980003,76.510002,73.440002,76.050003,59.706501,567500
12/14/2016,76.769997,78.089996,75.25,75.379997,59.180485,259100
12/15/2016,75.239998,76.410004,75.160004,76.099998,59.74575,189500
12/16/2016,75.75,76.269997,75.559998,76.150002,59.785011,193500
12/19/2016,76.400002,76.839996,75.949997,76.080002,59.730053,109200
12/20/2016,76.160004,76.32,75.589996,75.989998,59.659389,72600
12/21/2016,76.419998,76.589996,75.93,76.080002,59.730053,60700
12/22/2016,75.059998,75.169998,74.480003,75.050003,58.92141,81900
12/23/2016,74.699997,74.879997,74.400002,74.57,58.544563,42100
12/27/2016,74.720001,75.080002,74.699997,74.970001,58.858593,55900
12/28/2016,75.379997,75.379997,74.669998,74.760002,58.693726,64800
12/29/2016,74.75,74.82,74.110001,74.190002,58.246223,94200
12/30/2016,74.150002,74.150002,73.550003,73.699997,57.861515,53200
1/3/2017,75.129997,75.620003,74.25,74.75,58.685883,107000
1/4/2017,74.279999,75.050003,74.019997,74.779999,58.709431,116800
1/5/2017,76.760002,78,76.760002,77.760002,61.049015,182800
1/6/2017,77.849998,78,77.589996,77.82,61.09613,55600
1/9/2017,78.779999,79.419998,78.68,78.68,61.771301,147200
1/10/2017,79.220001,80.160004,79.040001,79.760002,62.619198,169900
1/11/2017,79.720001,80.370003,79.059998,80.110001,62.894005,68400
1/12/2017,79.809998,79.93,79.169998,79.75,62.611355,96200
1/13/2017,80.309998,81.129997,80.209999,80.769997,63.412151,87300
1/17/2017,80.879997,81.389999,80.470001,80.910004,63.522064,83200
1/18/2017,81.029999,81.25,80.480003,80.599998,63.278679,81800
1/19/2017,80.339996,80.529999,79.440002,79.93,62.752678,64500
1/20/2017,80.07,80.07,78.940002,79.089996,62.093193,99500
1/23/2017,78.769997,78.839996,78.059998,78.730003,61.810558,77400
1/24/2017,79.239998,79.860001,79.199997,79.32,62.273773,171200
1/25/2017,79.620003,81.330002,79.5,81.239998,63.781151,125800
1/26/2017,80.989998,81.800003,80.75,81.360001,63.875359,91000
1/27/2017,80.050003,80.360001,79.230003,79.529999,62.438633,71800
1/30/2017,79.019997,79.470001,78.599998,79.169998,62.155991,64700
1/31/2017,79.269997,79.559998,79,79.489998,62.40723,60700
2/1/2017,79.57,79.839996,77.93,78.68,61.771301,110100
2/2/2017,78.699997,78.769997,78.25,78.510002,61.637829,59900
2/3/2017,78.519997,78.800003,77.910004,78.120003,61.33165,61900
2/6/2017,78.260002,78.279999,77.550003,77.57,60.899849,44200
2/7/2017,77.82,78.089996,77.129997,77.32,60.703568,69700
2/8/2017,77.5,77.919998,76.830002,77.800003,61.08041,107400
2/9/2017,77.800003,77.800003,77.040001,77.389999,60.758526,129400
2/10/2017,78.949997,79.610001,78.639999,79.589996,62.485733,82800
2/13/2017,79.510002,79.849998,79.139999,79.32,62.273773,59300
2/14/2017,79.32,79.379997,78.599998,79.190002,62.171696,57500
2/15/2017,78.989998,78.989998,78.330002,78.690002,61.779152,88300
2/16/2017,77.860001,78.300003,77.279999,77.330002,60.711426,76600
2/17/2017,76.900002,77.449997,76.900002,77.330002,60.711426,77400
2/21/2017,79.230003,79.769997,79.040001,79.540001,62.44648,77500
2/22/2017,79,79.279999,78.580002,78.860001,61.912617,97300
2/23/2017,79.160004,79.43,78.330002,78.57,61.684937,94800
2/24/2017,78.489998,78.489998,77.879997,77.989998,61.229568,70600
2/27/2017,77.480003,77.480003,76.879997,77.050003,60.4916,111000
2/28/2017,76.209999,76.25,75.760002,75.959999,59.635841,69200
3/1/2017,76.040001,76.379997,75.709999,76.07,59.722198,157700
3/2/2017,75.260002,75.459999,74.879997,74.889999,58.795792,70800
3/3/2017,75.330002,75.769997,75.269997,75.370003,59.17263,107000
3/6/2017,75.900002,76.040001,75.510002,75.910004,59.596581,40800
3/7/2017,75.949997,76.220001,75.639999,75.809998,59.518078,75900
3/8/2017,75.660004,75.660004,74.080002,74.099998,58.175556,107400
3/9/2017,73.860001,74.089996,73.110001,73.690002,57.85368,120100
3/10/2017,73.800003,73.800003,72.849998,73.029999,57.335514,68800
3/13/2017,73.43,73.720001,73.059998,73.470001,57.680954,67700
3/14/2017,72.889999,72.889999,72.169998,72.339996,56.793793,78100
3/15/2017,72.379997,73.940002,72.379997,73.599998,57.783012,243100
3/16/2017,74.669998,75.019997,74.470001,74.580002,58.55241,115200
3/17/2017,75.050003,75.18,74.760002,74.830002,58.74868,77300
3/20/2017,75.120003,75.980003,75.120003,75.68,59.416019,72600
3/21/2017,75.889999,76.220001,74.410004,74.589996,58.560261,96600
3/22/2017,74.129997,74.839996,74.110001,74.580002,58.55241,99600
3/23/2017,74.129997,74.889999,73.800003,74.629997,58.591663,177000
3/24/2017,74.550003,74.669998,74.260002,74.519997,58.505299,46000
3/27/2017,73.669998,74.470001,73.669998,74.339996,58.363979,39900
3/28/2017,74.139999,74.989998,74.139999,74.75,58.685883,65000
3/29/2017,74.18,74.709999,73.830002,74.660004,58.615223,68400
3/30/2017,74.419998,74.589996,73.5,73.660004,57.830128,119000
3/31/2017,73.360001,73.559998,73.019997,73.25,57.508232,94500
4/3/2017,73.349998,73.349998,72.650002,73.290001,57.539646,67800
4/4/2017,72.949997,74.099998,72.949997,73.870003,57.995003,78300
4/5/2017,73.730003,73.919998,72.860001,73.019997,57.327663,111300
4/6/2017,73.059998,73.139999,72.790001,73.029999,57.335514,81500
4/7/2017,73.489998,74.419998,73.489998,73.900002,58.018536,169500
4/10/2017,73.690002,73.93,73.540001,73.739998,57.892921,206100
4/11/2017,73.379997,73.379997,72.540001,72.900002,57.233448,114500
4/12/2017,72.559998,72.849998,72.339996,72.690002,57.068577,85300
4/13/2017,73,73.400002,72.400002,72.419998,56.856606,75700
4/17/2017,72.440002,72.940002,72.440002,72.919998,57.249157,62700
4/18/2017,72.099998,72.489998,71.669998,71.809998,56.377697,95700
4/19/2017,71.669998,71.68,70.290001,70.449997,55.309967,127800
4/20/2017,71.239998,71.43,70.980003,71.120003,55.835983,93500
4/21/2017,70.440002,70.860001,70.440002,70.589996,55.419884,92300
4/24/2017,71.269997,71.269997,70.489998,70.720001,55.52195,159200
4/25/2017,70.989998,71.389999,70.779999,71.160004,55.867382,77800
4/26/2017,70.760002,71.580002,70.669998,71.099998,55.820278,98700
4/27/2017,70.529999,70.75,69.870003,70.459999,55.317814,65600
4/28/2017,70.620003,70.620003,70.120003,70.25,55.152954,75300
5/1/2017,70.300003,70.720001,70.129997,70.169998,55.090134,137500
5/2/2017,70.139999,70.190002,69.550003,69.639999,54.674038,116000
5/3/2017,69.389999,69.760002,69.300003,69.389999,54.477757,69000
5/4/2017,68.949997,68.949997,67.760002,67.809998,53.237309,170700
5/5/2017,67.639999,68.129997,67.5,67.900002,53.307976,126700
5/8/2017,67.709999,67.709999,67.32,67.43,52.93898,81300
5/9/2017,68.099998,68.389999,67.949997,68.040001,53.417885,84900
5/10/2017,68.120003,68.620003,67.830002,68.43,53.724072,81900
5/11/2017,68.290001,68.300003,67.580002,67.970001,53.362926,100400
5/12/2017,68.190002,68.529999,68.059998,68.279999,53.606304,93300
5/15/2017,68.480003,68.790001,68.260002,68.730003,53.959606,91100
5/16/2017,68.720001,68.900002,68.43,68.629997,53.881088,93800
5/17/2017,68.43,68.760002,67.769997,67.809998,53.237309,89800
5/18/2017,67.5,68.25,67.470001,67.93,53.331524,101100
5/19/2017,68.160004,68.489998,67.940002,68.330002,53.645569,126000
5/22/2017,68.349998,68.779999,68.160004,68.580002,53.841843,85600
5/23/2017,68.620003,68.940002,68.589996,68.889999,54.08522,81100
5/24/2017,68.599998,68.739998,68.209999,68.489998,53.771175,63300
5/25/2017,68.699997,68.900002,68.010002,68.129997,53.488541,128200
5/26/2017,68.019997,68.080002,67.5,67.779999,53.213768,101700
5/30/2017,67.220001,67.220001,66.870003,66.879997,52.507175,128900
5/31/2017,66.800003,66.800003,66.040001,66.300003,52.051815,87200
6/1/2017,66.349998,66.93,66.209999,66.639999,52.318756,84800
6/2/2017,66.440002,66.589996,66.300003,66.5,52.208832,39600
6/5/2017,66.080002,66.309998,66.029999,66.150002,51.934059,54200
6/6/2017,66,66.190002,65.459999,66.150002,51.934059,67600
6/7/2017,65.940002,66.010002,65,65.199997,51.188213,86800
6/8/2017,65.400002,65.419998,65.029999,65.089996,51.101852,70200
6/9/2017,65.160004,65.18,64.699997,64.940002,50.984093,179400
6/12/2017,64.5,64.690002,64.050003,64.260002,50.88195,109600
6/13/2017,64.370003,64.739998,64.239998,64.650002,51.190754,133000
6/14/2017,64.699997,64.800003,63.68,63.759998,50.486042,118100
6/15/2017,63.450001,63.720001,63.09,63.130001,49.987202,163300
6/16/2017,63.450001,63.740002,63.099998,63.59,50.351433,97800
6/19/2017,63.639999,63.959999,63.450001,63.580002,50.343517,153200
6/20/2017,62.740002,63.049999,62.34,62.349998,49.369583,116500
6/21/2017,62.459999,62.540001,61.919998,62.23,49.274563,168100
6/22/2017,62.43,62.5,61.939999,61.990002,49.08453,78800
6/23/2017,62,62.220001,61.82,61.970001,49.068695,65100
6/26/2017,62.490002,62.490002,62.080002,62.220001,49.266651,60700
6/27/2017,62.040001,62.220001,61.830002,61.860001,48.981594,84000
6/28/2017,62.009998,62.549999,62.009998,62.32,49.345833,74300
6/29/2017,62.110001,62.25,61.450001,61.619999,48.791557,144800
6/30/2017,61.540001,61.630001,61.07,61.279999,48.522339,99000
7/3/2017,61.48,61.689999,61.259998,61.32,48.554016,55500
7/5/2017,62.93,63.040001,62.220001,62.299999,49.329994,154000
7/6/2017,62.240002,62.41,61.650002,61.650002,48.815315,123800
7/7/2017,61.68,61.790001,61.169998,61.549999,48.73613,100200
7/10/2017,61.25,61.25,60.689999,60.959999,48.268967,99300
7/11/2017,61,61.419998,60.959999,61.310001,48.546097,72500
7/12/2017,61.73,62.049999,61.470001,61.790001,48.926167,135000
7/13/2017,61.810001,62.310001,61.810001,62.07,49.147877,111800
7/14/2017,62.599998,63.080002,62.57,62.939999,49.83675,60400
7/17/2017,62.610001,62.66,62.259998,62.34,49.361664,66300
7/18/2017,62.790001,62.889999,62.57,62.75,49.68631,58400
7/19/2017,63.32,63.790001,63.27,63.68,50.422703,88800
7/20/2017,63.630001,63.630001,63.060001,63.509998,50.28809,76500
7/21/2017,63.119999,63.119999,62.48,62.619999,49.583374,63500
7/24/2017,62.98,62.98,62.459999,62.73,49.670475,56600
7/25/2017,63,63.299999,62.919998,63.080002,49.947609,60300
7/26/2017,64.879997,65.43,64.599998,65.300003,51.705437,156600
7/27/2017,65.07,65.080002,64.300003,64.709999,51.238262,103900
7/28/2017,64.5,64.519997,63.830002,64.510002,51.079906,72500
7/31/2017,64.349998,64.68,64.32,64.610001,51.159084,125000
8/1/2017,65.120003,65.290001,64.900002,64.900002,51.388706,101500
8/2/2017,64.419998,64.860001,64.199997,64.669998,51.206585,141100
8/3/2017,64.580002,64.650002,64.209999,64.260002,50.88195,70800
8/4/2017,64.529999,64.720001,64.18,64.68,51.214508,54300
8/7/2017,64.580002,64.589996,64.199997,64.32,50.929455,80100
8/8/2017,64.410004,64.669998,64.220001,64.360001,50.961132,61000
8/9/2017,64.190002,64.190002,63.459999,63.82,50.533546,78100
8/10/2017,63.919998,63.919998,62.540001,62.599998,49.567535,83900
8/11/2017,62.91,63.549999,62.849998,63.41,50.208904,55900
8/14/2017,63.540001,63.540001,62.73,62.790001,49.717987,79200
8/15/2017,62.400002,62.400002,61.810001,62.110001,49.179554,74700
8/16/2017,62.529999,62.529999,61.869999,61.880001,48.997429,66800
8/17/2017,61.82,61.82,60.939999,60.939999,48.253124,78600
8/18/2017,61.349998,61.450001,61.150002,61.310001,48.546097,214800
8/21/2017,61.810001,62.330002,61.810001,62.150002,49.21122,75500
8/22/2017,62.25,62.549999,62.080002,62.549999,49.527946,70000
8/23/2017,62.259998,63.130001,62.16,62.830002,49.749657,72200
8/24/2017,62.66,64.849998,62.610001,64.300003,50.913624,340400
8/25/2017,64.68,65,64.459999,64.599998,51.151161,94800
8/28/2017,64.080002,64.209999,63.810001,64.110001,50.76318,109700
8/29/2017,63.790001,64.18,63.18,64.099998,50.755253,97200
8/30/2017,64,64.339996,63.91,64.169998,50.810684,97900
8/31/2017,64.150002,64.5,64.120003,64.32,50.929455,103300
9/1/2017,64.870003,65.349998,64.82,65.139999,51.578747,192600
9/5/2017,64.730003,65.099998,64.300003,64.660004,51.198677,141000
9/6/2017,63.900002,64.25,63.77,64.129997,51.607475,138600
9/7/2017,63.939999,64.559998,63.939999,64.519997,51.921314,124600
9/8/2017,64.239998,65.019997,64.139999,64.339996,51.77647,239200
9/11/2017,64.169998,65.620003,64.07,65.120003,52.404163,223200
9/12/2017,64.650002,65,64.510002,64.699997,52.06617,161700
9/13/2017,64.269997,64.529999,63.950001,64.459999,51.873035,181400
9/14/2017,63.880001,64.099998,63.509998,63.689999,51.253387,153800
9/15/2017,63.709999,63.869999,63.25,63.389999,51.011974,151200
9/18/2017,63.549999,63.549999,63.23,63.470001,51.076359,75400
9/19/2017,63.459999,63.57,62.970001,63.380001,51.003929,89900
9/20/2017,63.470001,63.709999,62.889999,63.330002,50.963692,120200
9/21/2017,63.34,63.48,63.02,63.32,50.955643,149400
9/22/2017,62.860001,62.93,62.439999,62.810001,50.545227,106500
9/25/2017,62.299999,62.610001,61.869999,62.450001,50.255527,183000
9/26/2017,63.599998,63.91,63.439999,63.700001,51.26144,138000
9/27/2017,63.740002,63.950001,63.400002,63.740002,51.293633,115000
9/28/2017,63.169998,63.23,62.66,62.799999,50.537182,106600
9/29/2017,63.400002,64.190002,63.330002,64.110001,51.591385,191400
10/2/2017,63.900002,64.220001,63.779999,63.950001,51.462627,86600
10/3/2017,64.300003,64.5,63.77,64.370003,51.800617,85300
10/4/2017,64.400002,64.480003,64.150002,64.169998,51.639664,44600
10/5/2017,64.690002,65.230003,64.349998,65.110001,52.396111,81100
10/6/2017,64.010002,64.209999,63.709999,63.849998,51.382149,102100
10/9/2017,63.889999,64.129997,63.759998,63.810001,51.349964,36000
10/10/2017,64.459999,64.699997,64.050003,64.690002,52.058132,83900
10/11/2017,64.690002,64.690002,64.300003,64.620003,52.001797,50200
10/12/2017,64.110001,64.110001,63.580002,63.75,51.301682,88300
10/13/2017,64.18,64.43,64.139999,64.230003,51.687958,48000
10/16/2017,64.43,65.260002,64.43,65.129997,52.412209,160200
10/17/2017,65.089996,65.110001,64.370003,64.739998,52.098362,79900
10/18/2017,64.709999,65.050003,64.709999,64.919998,52.243214,63000
10/19/2017,64.489998,64.489998,63.779999,64.059998,51.551144,107400
10/20/2017,64.169998,64.489998,64.120003,64.230003,51.687958,81900
10/23/2017,64.050003,64.050003,63.220001,63.330002,50.963692,90000
10/24/2017,63.43,63.849998,63.43,63.639999,51.213158,79800
10/25/2017,63.84,63.84,62.91,63.369999,50.99588,80800
10/26/2017,63.490002,64.129997,63.490002,63.52,51.116589,61900
10/27/2017,63.880001,64.559998,63.759998,64.290001,51.736237,63700
10/30/2017,65.110001,65.82,65.029999,65.599998,52.790432,103100
10/31/2017,65.5,65.720001,65.209999,65.5,52.709961,75900
11/1/2017,65.889999,66.260002,65.589996,66.040001,53.144516,145000
11/2/2017,67.690002,68.959999,67.540001,68.82,55.381668,149500
11/3/2017,68.480003,68.480003,67.660004,67.790001,54.552799,85900
11/6/2017,69.620003,71.379997,69.410004,71.330002,57.401543,172500
11/7/2017,71.209999,72,71.209999,71.790001,57.771729,196200
11/8/2017,71.169998,71.239998,70.580002,71,57.135986,75400
11/9/2017,71.07,71.470001,70.889999,71.349998,57.417641,71900
11/10/2017,71.300003,71.690002,71.190002,71.459999,57.506168,69900
11/13/2017,70.360001,70.660004,70.120003,70.199997,56.492207,55100
11/14/2017,69.760002,69.760002,68.610001,68.610001,55.212677,76300
11/15/2017,67.639999,67.699997,67.059998,67.620003,54.415997,123100
11/16/2017,67.5,68.129997,67.470001,67.699997,54.480373,142900
11/17/2017,67.290001,67.290001,66.779999,66.970001,53.892918,119000
11/20/2017,66.419998,66.419998,65.510002,65.970001,53.088188,114300
11/21/2017,66.959999,67.459999,66.660004,66.839996,53.7883,112100
11/22/2017,67.959999,68.480003,67.849998,68.470001,55.100014,105500
11/24/2017,68.459999,68.779999,68.190002,68.419998,55.059772,46200
11/27/2017,68.43,68.739998,68.050003,68.190002,54.874695,57500
11/28/2017,68.239998,68.309998,67.959999,68.190002,54.874695,60200
11/29/2017,67.410004,67.410004,66.699997,66.910004,53.844631,75900
11/30/2017,67.160004,67.800003,67.160004,67.540001,54.35162,129800
12/1/2017,67.480003,67.959999,67.18,67.660004,54.448181,99400
12/4/2017,68.239998,68.290001,67.690002,67.82,54.576939,90100
12/5/2017,68.160004,68.370003,67.620003,67.790001,54.552799,100300
12/6/2017,67,67,65.82,66.139999,53.224995,112700
12/7/2017,65.970001,66.120003,65.690002,65.910004,53.039902,165700
12/8/2017,66.269997,66.360001,65.870003,66.32,53.369843,68400
12/11/2017,66.389999,67.120003,66.389999,66.93,53.860733,105900
12/12/2017,66.860001,67.169998,66.739998,67.029999,53.941196,105100
12/13/2017,68.769997,69.760002,68.739998,69.480003,55.9128,145700
12/14/2017,69.209999,69.419998,68.839996,69.099998,55.606995,101700
12/15/2017,68.82,68.849998,68.190002,68.389999,55.035637,117700
12/18/2017,68.379997,69.040001,68.379997,68.779999,55.349483,65700
12/19/2017,69.220001,69.230003,68.860001,68.940002,55.478245,60200
12/20/2017,69.07,69.300003,68.830002,69.239998,55.719658,62600
12/21/2017,69.589996,70.290001,69.529999,70.07,56.387589,85300
12/22/2017,70.279999,70.489998,69.980003,70.330002,56.596813,37500
12/26/2017,70.339996,71.18,70.339996,70.910004,57.063568,29700
12/27/2017,70.980003,71.029999,70.540001,70.650002,56.854328,42300
12/28/2017,70.580002,70.580002,70.089996,70.220001,56.508289,49000
12/29/2017,70.25,70.25,69.870003,69.940002,56.28297,47200
1/2/2018,71.269997,72.110001,70.739998,72,57.940716,154800
1/3/2018,71.099998,71.699997,70.370003,71.669998,57.675159,158000
1/4/2018,73.480003,75,73.480003,74.919998,60.290535,239600
1/5/2018,74.93,74.93,74.18,74.5,59.952549,125800
1/8/2018,73.709999,74.400002,73.690002,74.400002,59.872074,93600
1/9/2018,73.110001,74.099998,73.07,73.809998,59.397285,122400
1/10/2018,74.620003,74.669998,74.190002,74.400002,59.872074,89600
1/11/2018,75.879997,76.540001,75.339996,76.269997,61.376923,111800
1/12/2018,76.269997,76.839996,76,76.839996,61.835613,104100
1/16/2018,75.68,75.989998,74.849998,75.169998,60.491714,138000
1/17/2018,75.199997,75.5,74.470001,75.050003,60.395168,106800
1/18/2018,74.769997,75.160004,74.5,74.949997,60.314678,115100
1/19/2018,74.580002,74.830002,74.32,74.68,60.097401,82100
1/22/2018,75.349998,75.730003,75.040001,75.690002,60.910187,75400
1/23/2018,75.779999,76.309998,75.440002,76.290001,61.393017,96200
1/24/2018,79.68,80.110001,79.239998,79.910004,64.306145,198000
1/25/2018,81.139999,81.440002,80.419998,80.550003,64.82119,146400
1/26/2018,81.529999,82.190002,81.389999,82.139999,66.1007,152500
1/29/2018,82.169998,82.330002,81.360001,81.360001,65.473015,204000
1/30/2018,79.510002,79.589996,76.470001,76.519997,61.57811,255900
1/31/2018,79.190002,79.879997,78.68,79.019997,63.589947,218800
2/1/2018,78.050003,78.349998,77.519997,78.330002,63.034676,134400
2/2/2018,79.860001,80.480003,78.410004,78.580002,63.235855,257000
2/5/2018,78.5,78.5,76.040001,76.050003,61.19989,222200
2/6/2018,74.629997,76.93,73.949997,76.57,61.618343,236100
2/7/2018,73.129997,73.5,71.209999,71.279999,57.361309,303100
2/8/2018,71.550003,71.599998,68.739998,68.739998,55.317295,306300
2/9/2018,68.720001,69.32,66.010002,68.18,54.866642,207700
2/12/2018,68,68.760002,67.779999,68.470001,55.100014,231700
2/13/2018,67.470001,68.279999,67.25,67.940002,54.673512,119400
2/14/2018,67.739998,70.07,67.589996,69.860001,56.218594,177000
2/15/2018,69.889999,70.32,69.080002,70.32,56.588772,104400
2/16/2018,70.269997,70.980003,70.029999,70.120003,56.427822,93700
2/20/2018,69.279999,69.830002,68.919998,69.110001,55.615044,71200
2/21/2018,71.050003,71.730003,70.639999,70.660004,56.862377,144700
2/22/2018,70.82,71.480003,70.449997,70.550003,56.773869,138500
2/23/2018,71.18,72.150002,71.110001,72.110001,58.029236,102800
2/26/2018,72.199997,72.669998,72.019997,72.5,58.343086,59100
2/27/2018,71.980003,72.139999,70.169998,70.209999,56.500248,102500
2/28/2018,71.160004,71.160004,69.040001,69.199997,55.687469,182000
3/1/2018,68.910004,69.790001,68.209999,68.93,55.470188,104300
3/2/2018,67.540001,69.059998,67.050003,69,55.52652,73500
3/5/2018,67.059998,69,66.800003,68.68,55.269009,178700
3/6/2018,69.459999,69.550003,68.699997,68.760002,55.333382,95500
3/7/2018,67.93,68,66.660004,67.099998,53.997528,90400
3/8/2018,68.269997,68.720001,67.790001,68.129997,54.826401,74700
3/9/2018,68.940002,69.470001,68.730003,69.449997,55.888649,147800
3/12/2018,69.160004,69.300003,68.139999,68.779999,55.349483,76200
3/13/2018,69.190002,69.519997,68,68.050003,54.762032,108300
3/14/2018,68.760002,68.900002,67.779999,68.419998,55.059772,55700
3/15/2018,68.809998,68.809998,67.879997,68.25,54.922974,48200
3/16/2018,68.080002,68.809998,67.68,68.449997,55.08392,80500
3/19/2018,68.32,68.32,67.32,67.629997,54.424038,55700
3/20/2018,68.699997,69.339996,68.449997,69.129997,55.631134,144200
3/21/2018,69.839996,71.400002,69.440002,71.25,57.337166,80000
3/22/2018,69.970001,70.610001,69.019997,69.019997,55.542614,64600
3/23/2018,68.769997,70,68.129997,68.389999,55.035637,134500
3/26/2018,69.690002,70.309998,68.709999,70.300003,56.572674,126300
3/27/2018,70.110001,70.400002,68.529999,68.949997,55.486286,115100
3/28/2018,69.510002,70.330002,69.32,69.839996,56.202499,102900
3/29/2018,68.800003,70.050003,68.800003,69.739998,56.122021,77100
4/2/2018,69.5,69.510002,66.949997,67.279999,54.142384,152500
4/3/2018,68.449997,68.949997,67.919998,68.830002,55.389713,53300
4/4/2018,67.830002,69.480003,67.489998,69.440002,55.880611,84100
4/5/2018,69.739998,70.459999,69.459999,69.5,55.92889,143800
4/6/2018,68.970001,69.160004,67.529999,67.849998,54.601082,61400
4/9/2018,68.620003,69.550003,68.260002,68.959999,55.494328,81200
4/10/2018,68.440002,70.43,68.18,69.839996,56.202499,306100
4/11/2018,71.019997,72.339996,70.830002,71.839996,57.811954,357100
4/12/2018,72.5,73.260002,72.059998,72.900002,58.664978,88600
4/13/2018,72.720001,73,72.349998,72.519997,58.359177,58400
4/16/2018,71.860001,71.860001,70.900002,71.050003,57.17622,85000
4/17/2018,70.360001,71.419998,70.25,71.190002,57.288887,93800
4/18/2018,72.400002,73.220001,71.959999,73.040001,58.777645,167300
4/19/2018,75.410004,75.739998,74.940002,75.169998,60.491714,222200
4/20/2018,74.489998,74.860001,73.970001,74.660004,60.081306,111500
4/23/2018,74.110001,75.089996,73.669998,74.949997,60.314678,97100
4/24/2018,75,75.260002,73.82,74.370003,59.847935,97700
4/25/2018,73.199997,73.519997,72.639999,73.519997,59.163914,81900
4/26/2018,73.349998,73.910004,72.510002,73.82,59.405331,112000
4/27/2018,73.25,73.910004,73.110001,73.330002,59.011017,75700
4/30/2018,73.650002,74.400002,73.480003,73.610001,59.236343,110400
5/1/2018,73.480003,74.419998,73.110001,73.739998,59.340958,201600
5/2/2018,72.959999,73.139999,72.050003,72.169998,58.077526,171800
5/3/2018,70.870003,71.690002,70.580002,71.349998,57.417641,177100
5/4/2018,70.849998,72.239998,70.620003,71.480003,57.522255,97100
5/7/2018,72.459999,73.550003,72.309998,72.339996,58.214329,129300
5/8/2018,72.879997,73.150002,70.739998,72.57,58.399422,132400
5/9/2018,75.650002,76,75.099998,75.970001,61.135502,271300
5/10/2018,76.629997,77.559998,76.309998,77.480003,62.350655,164200
5/11/2018,77.400002,77.400002,76.940002,76.949997,61.924141,69300
5/14/2018,78.290001,78.550003,77.690002,78.330002,63.034676,125400
5/15/2018,78.089996,78.360001,77.129997,77.949997,62.72887,107700
5/16/2018,78.019997,78.379997,77.739998,78.059998,62.817406,203000
5/17/2018,78.279999,79.040001,77.830002,77.940002,62.720829,84300
5/18/2018,81.760002,82.230003,81.199997,81.669998,65.722481,260400
5/21/2018,81.900002,82.07,81.160004,81.330002,65.448875,138900
5/22/2018,81.209999,82.690002,81.07,81.650002,65.70639,280700
5/23/2018,78.849998,79.050003,77.860001,78.629997,63.276089,270200
5/24/2018,78.599998,78.739998,77.720001,78.169998,62.905907,139700
5/25/2018,76.839996,80.339996,76.82,79.959999,64.34639,1140700
5/29/2018,81,82.25,80.239998,80.769997,64.998222,207600
5/30/2018,80.580002,83.489998,80.580002,83.099998,66.873245,213800
5/31/2018,83.410004,84.099998,82.879997,83.199997,66.95372,169700
6/1/2018,82.300003,83.220001,82.239998,82.349998,66.269699,165900
6/4/2018,82.129997,82.660004,81.239998,81.410004,65.513252,117000
6/5/2018,80.150002,81.480003,80.139999,81.230003,65.368401,92700
6/6/2018,82.720001,83.709999,82.559998,83.650002,67.315849,176300
6/7/2018,83.870003,85.019997,83.830002,84.489998,67.991814,109200
6/8/2018,83.75,84.589996,83.470001,84.18,67.742363,89400
6/11/2018,83.529999,84.089996,83.190002,83.379997,67.098564,150500
6/12/2018,82.07,82.57,81.889999,82.050003,66.801407,114700
6/13/2018,80.379997,80.419998,78.93,79.129997,64.424072,224600
6/14/2018,78.879997,79.040001,77.68,77.720001,63.276119,126500
6/15/2018,76.769997,76.769997,75.019997,75.220001,61.240723,210600
6/18/2018,75.199997,75.980003,74.940002,75.779999,61.696651,128600
6/19/2018,74.099998,74.970001,73.940002,74.68,60.801083,106700
6/20/2018,75.019997,75.019997,73.949997,74.150002,60.369583,108200
6/21/2018,73.330002,73.330002,72.669998,72.830002,59.294903,112300
6/22/2018,74.230003,74.669998,73.449997,74.459999,60.621967,192400
6/25/2018,73.029999,73.099998,72.120003,72.389999,58.936661,140500
6/26/2018,72.82,73.970001,72.529999,73.639999,59.954365,129500
6/27/2018,73.639999,75.220001,73.639999,74.559998,60.703381,291800
6/28/2018,74.790001,74.940002,74.43,74.580002,60.719673,125900
6/29/2018,76.639999,76.639999,75.849998,76.269997,62.095573,148200
7/2/2018,75.300003,75.300003,74.379997,74.540001,60.687107,72800
7/3/2018,75.769997,75.790001,75.25,75.300003,61.305866,63300
7/5/2018,73.480003,73.529999,71.660004,71.709999,58.383041,217600
7/6/2018,71.709999,72.739998,71.540001,72.480003,59.009941,95600
7/9/2018,73.330002,73.889999,73.019997,73.870003,60.141624,79500
7/10/2018,74.68,75.160004,74.489998,75.050003,61.102329,125400
7/11/2018,73.620003,73.870003,71.120003,71.900002,58.537735,183300
7/12/2018,73.290001,73.290001,72.230003,72.919998,59.368172,150400
7/13/2018,73.150002,74.059998,73.099998,73.610001,59.929939,74600
7/16/2018,71.839996,72.199997,71.029999,71.5,58.21207,133300
7/17/2018,70.889999,71.529999,70.330002,71.07,57.861984,112400
7/18/2018,70.550003,70.919998,69.830002,70.860001,57.691017,107900
7/19/2018,70.099998,71.099998,70.099998,70.540001,57.430485,76800
7/20/2018,71.610001,72.269997,71.370003,72.099998,58.700558,74100
7/23/2018,71.93,71.93,70.959999,71.190002,57.959682,48900
7/24/2018,72.019997,72.489998,71.910004,72.279999,58.847111,79600
7/25/2018,73.07,74.279999,72.720001,74.160004,60.377731,96000
7/26/2018,73.970001,73.970001,73.43,73.879997,60.149757,67300
7/27/2018,74.860001,75.260002,74.360001,74.970001,61.037193,87500
7/30/2018,75.959999,76.410004,75.339996,76.129997,61.981609,105500
7/31/2018,76.220001,76.330002,75.410004,75.860001,61.76178,70100
8/1/2018,74.360001,74.730003,73.669998,74.160004,60.377731,65100
8/2/2018,72.220001,73.230003,71.790001,73,59.433304,87800
8/3/2018,73.050003,73.190002,72.660004,72.889999,59.343742,44500
8/6/2018,72.510002,73.300003,72.349998,72.599998,59.107643,41600
8/7/2018,75.32,75.330002,74.730003,75.099998,61.143032,97000
8/8/2018,76.550003,76.550003,75.379997,75.809998,61.721077,111700
8/9/2018,76.809998,76.900002,76.230003,76.309998,62.128162,94100
8/10/2018,75.699997,75.699997,74.5,74.900002,60.980198,89900
8/13/2018,74.110001,74.540001,72.779999,73.269997,59.65313,87200
8/14/2018,74.919998,74.970001,74.120003,74.540001,60.687107,85800
8/15/2018,72.919998,72.919998,71.580002,72.410004,58.952961,83900
8/16/2018,72.949997,73.419998,72.779999,72.779999,59.254185,62700
8/17/2018,72.739998,73.459999,72.309998,73.309998,59.685696,39500
8/20/2018,73.449997,74.019997,73.360001,73.910004,60.174187,56200
8/21/2018,74.150002,74.690002,73.779999,73.879997,60.149757,44200
8/22/2018,75,75.540001,74.510002,75.269997,61.281429,68300
8/23/2018,73.93,74,73.050003,73.050003,59.474014,86100
8/24/2018,74.470001,75.129997,74.32,74.599998,60.735947,44900
8/27/2018,76.650002,76.940002,76.199997,76.910004,62.616653,107700
8/28/2018,76.510002,76.660004,75.419998,75.68,61.615234,63000
8/29/2018,77.199997,78.199997,76.949997,78.059998,63.552933,74900
8/30/2018,77.379997,77.379997,73.75,74.730003,60.841797,191800
8/31/2018,74.410004,74.5,73.629997,74.059998,60.296295,86500
9/4/2018,73.779999,73.779999,72.5,72.82,59.286751,100900
9/5/2018,71.900002,71.93,71.040001,71.860001,58.505177,100700
9/6/2018,73.300003,73.540001,72.489998,73.099998,59.514717,90300
9/7/2018,73.110001,73.459999,72.580002,73.32,59.69384,59500
9/10/2018,74.07,74.300003,73.440002,73.529999,59.864803,66900
9/11/2018,72.25,73.629997,72.110001,73.449997,59.799667,88600
9/12/2018,72.300003,74.410004,72.199997,73.720001,61.100929,295000
9/13/2018,75.43,75.949997,74.800003,75.110001,62.252998,154400
9/14/2018,75.449997,75.730003,74.889999,75.029999,62.186684,80900
9/17/2018,76.25,76.540001,75.989998,76.129997,63.098389,100100
9/18/2018,77.279999,78.129997,77.25,77.769997,64.457664,110900
9/19/2018,78.18,79.230003,78.18,79.010002,65.485405,98400
9/20/2018,78.75,79.190002,78,78.07,64.706314,75500
9/21/2018,78.360001,78.709999,77.239998,77.480003,64.217308,124100
9/24/2018,76.900002,78.029999,76.790001,77.900002,64.565422,75500
9/25/2018,78.349998,79.370003,78.25,78.800003,65.311363,166200
9/26/2018,79.669998,80.419998,79.400002,79.830002,66.165039,105000
9/27/2018,79.809998,80.639999,79.610001,80.239998,66.50486,81000
9/28/2018,80.809998,81.82,80.559998,81.440002,67.499458,143100
10/1/2018,82.080002,83.239998,82.010002,82.830002,68.65152,86800
10/2/2018,80.739998,81.120003,80.050003,80.43,66.662331,104100
10/3/2018,82.040001,82.57,81.849998,82.07,68.021606,102500
10/4/2018,80.010002,80.339996,77.769997,78.529999,65.087578,164700
10/5/2018,78.889999,79.059998,78.07,78.739998,65.26162,115400
10/8/2018,77.480003,77.949997,77.080002,77.800003,64.482521,88800
10/9/2018,79.019997,79.059998,78.089996,78.449997,65.021271,154400
10/10/2018,78.760002,78.760002,76.620003,76.720001,63.587402,223200
10/11/2018,76.32,77.190002,74.739998,75.269997,62.385601,109400
10/12/2018,76.010002,76.010002,74.349998,75.400002,62.493343,96000
10/15/2018,76.389999,77.230003,75.989998,76.760002,63.620552,150500
10/16/2018,77.339996,78.5,77.099998,78.43,65.004684,80700
10/17/2018,78.389999,78.389999,76.669998,76.93,63.761452,62000
10/18/2018,75.889999,75.889999,74.360001,74.610001,61.838581,122400
10/19/2018,75.650002,75.980003,75.07,75.459999,62.543079,79300
10/22/2018,76.800003,76.800003,76.150002,76.690002,63.562542,67800
10/23/2018,74.440002,74.709999,73.5,73.82,61.183811,185600
10/24/2018,74.230003,74.440002,71.400002,71.5,59.260937,266300
10/25/2018,72.199997,73.129997,71.839996,72.739998,60.288677,59200
10/26/2018,71.040001,72.599998,70.699997,72.059998,59.725075,68300
10/29/2018,71.529999,72.800003,70,70.559998,58.481838,117600
10/30/2018,71.230003,73.510002,71.230003,73.470001,60.893715,187000
10/31/2018,72.720001,73.669998,72.489998,72.639999,60.205795,116800
11/1/2018,73.980003,74.620003,73.470001,74.279999,61.565071,76000
11/2/2018,75.110001,75.110001,72.419998,72.860001,60.388142,116900
11/5/2018,74.57,74.919998,73.910004,74.589996,61.822006,59100
11/6/2018,75.199997,75.580002,74.839996,75.480003,62.559654,49100
11/7/2018,77.010002,77.239998,76.139999,76.82,63.670284,81000
11/8/2018,76.800003,76.800003,75.190002,75.57,62.634247,84900
11/9/2018,74.589996,74.739998,73.849998,74.25,61.540203,51100
11/12/2018,75.029999,75.089996,74.370003,74.419998,61.681099,65900
11/13/2018,74.209999,74.629997,72.199997,72.43,60.03175,117600
11/14/2018,73.370003,74.040001,71.660004,72.510002,60.098045,131500
11/15/2018,72.330002,73.379997,71.830002,73.059998,60.553905,178100
11/16/2018,72.669998,73.57,72.459999,73.400002,60.835712,121300
11/19/2018,72.019997,72.18,71.089996,71.230003,59.037159,227600
11/20/2018,70.230003,70.230003,67.940002,68.18,56.509239,173100
11/21/2018,69.389999,69.82,69.110001,69.489998,57.594997,98400
11/23/2018,67.269997,67.57,66.980003,67.309998,55.788162,84100
11/26/2018,67.959999,68.779999,67.809998,68.43,56.716442,81000
11/27/2018,68.099998,68.440002,67.290001,68.089996,56.434643,63200
11/28/2018,68.25,69.519997,67.75,69.300003,57.437527,136000
11/29/2018,70,71.709999,69.809998,69.910004,57.943111,106900
11/30/2018,69.550003,69.959999,69.099998,69.5,57.603283,183600
12/3/2018,72.160004,72.669998,71.290001,72.419998,60.023457,213500
12/4/2018,72.269997,72.470001,70.690002,70.779999,58.664185,121600
12/6/2018,68.699997,69.169998,67.839996,69.010002,57.19717,86200
12/7/2018,69.519997,70.470001,68.360001,68.57,56.832489,85300
12/10/2018,68.169998,68.239998,66.889999,67.669998,56.086536,85500
12/11/2018,68.410004,68.639999,67.459999,68.010002,56.368336,95800
12/12/2018,69.309998,69.900002,68.730003,68.790001,57.014828,52100
12/13/2018,69,69.919998,68.620003,69.75,57.81049,106500
12/14/2018,68.910004,69.059998,68.07,68.199997,56.525814,76600
12/17/2018,68.050003,68.160004,66.760002,67.019997,55.547806,120800
12/18/2018,66.68,66.809998,64.739998,64.75,53.666378,121400
12/19/2018,65.169998,65.300003,62.700001,63.09,52.29052,137900
12/20/2018,62.970001,63.32,62.130001,62.189999,51.544579,85700
12/21/2018,61.73,62.459999,61.279999,61.419998,50.906387,110900
12/24/2018,61.02,61.369999,60.07,60.07,49.787479,33600
12/26/2018,60.5,62.610001,59.57,62.540001,51.834667,72500
12/27/2018,61.369999,61.720001,60.049999,61.669998,51.113594,78500
12/28/2018,61.560001,61.82,60.59,60.98,50.541702,64100
12/31/2018,62.09,62.25,61.040001,61.549999,51.014137,91400
1/2/2019,59.580002,61.110001,59.209999,60.91,50.483692,119400
1/3/2019,61.709999,61.959999,60.950001,61.150002,50.682606,112200
1/4/2019,62.209999,63.119999,61.619999,62.810001,52.05846,81100
1/7/2019,62.669998,62.970001,62.150002,62.549999,51.84296,76500
1/8/2019,63.349998,64.650002,63.119999,63.889999,52.953587,170200
1/9/2019,64.790001,66.050003,64.309998,65.449997,54.246548,197000
1/10/2019,64.580002,65.050003,64.019997,64.860001,53.757545,125800
1/11/2019,64.120003,64.120003,63.169998,63.470001,52.605476,104500
1/14/2019,62.41,63.02,62.259998,62.450001,51.760078,84800
1/15/2019,63.450001,63.720001,63.16,63.450001,52.588905,85300
1/16/2019,63.630001,64.040001,63.240002,63.73,52.820969,69700
1/17/2019,63.310001,64.480003,63.299999,63.959999,53.0116,53100
1/18/2019,64.660004,65.110001,64.540001,64.93,53.815563,56100
1/22/2019,62.650002,62.830002,61.599998,61.830002,51.246208,125600
1/23/2019,62.360001,62.75,61.450001,61.939999,51.337379,230100
1/24/2019,62.57,63.779999,62.540001,63.220001,52.398273,101400
1/25/2019,64.150002,64.440002,63.77,64.07,53.102772,59500
1/28/2019,63.029999,63.290001,62.599998,63.200001,52.381695,73800
1/29/2019,63.73,64.190002,63.52,63.57,52.688358,57500
1/30/2019,63.720001,64.43,63.5,64.279999,53.276825,61500
1/31/2019,64.75,65.18,63.959999,64.269997,53.268532,110300
2/1/2019,64.379997,65.07,64.260002,64.629997,53.56691,118200
2/4/2019,64.120003,64.489998,63.529999,64.370003,53.351425,36700
2/5/2019,64.300003,64.75,64.300003,64.57,53.517181,57200
2/6/2019,64.300003,64.419998,63.700001,63.700001,52.796104,28000
2/7/2019,63.619999,63.790001,62.689999,63.41,52.555744,65400
2/8/2019,63.220001,63.419998,62.59,63.369999,52.522594,30400
2/11/2019,63.02,63.02,62.119999,62.32,51.652332,68500
2/12/2019,62.880001,63.310001,62.169998,62.889999,52.124763,100600
2/13/2019,63.68,64.239998,63.200001,63.720001,52.812683,129100
2/14/2019,63.529999,64.07,63.189999,63.889999,52.953587,60000
2/15/2019,63.939999,64.68,63.939999,64.480003,53.442596,98100
2/19/2019,65.540001,66.669998,65.540001,66.379997,55.017353,99100
2/20/2019,67.419998,67.75,66.980003,67.379997,55.846176,60600
2/21/2019,67.540001,67.540001,66.43,66.480003,55.100239,65000
2/22/2019,67.629997,67.629997,67.260002,67.540001,55.978798,47300
2/25/2019,67.419998,67.699997,66.639999,66.800003,55.365471,66300
2/26/2019,66.900002,67.540001,66.900002,67.260002,55.746719,49300
2/27/2019,67.290001,67.370003,66.760002,67.25,55.738438,63800
2/28/2019,66.5,66.5,65.800003,65.860001,54.586372,47400
3/1/2019,66.330002,66.449997,65.470001,65.919998,54.636097,56000
3/4/2019,66.330002,66.449997,65.220001,66.040001,54.735554,40500
3/5/2019,65.889999,66.480003,65.760002,66.360001,55.000778,44200
3/6/2019,66.239998,66.260002,65.580002,65.68,54.437183,49900
3/7/2019,65.470001,65.470001,64.32,64.410004,53.384571,86200
3/8/2019,63.740002,63.84,63.200001,63.720001,52.812683,108300
3/11/2019,64.339996,64.919998,64.339996,64.849998,53.749252,51000
3/12/2019,65.309998,65.309998,64.739998,64.959999,53.840424,67000
3/13/2019,64.980003,65.349998,64.93,65.25,54.080788,130400
3/14/2019,65.089996,65.309998,64.839996,64.900002,53.790699,65800
3/15/2019,65.220001,65.400002,64.75,65.120003,53.973045,84500
3/18/2019,66.620003,66.879997,66.370003,66.699997,55.282578,79200
3/19/2019,68.080002,68.440002,67.709999,67.709999,56.119694,89000
3/20/2019,67.989998,68.800003,67.639999,68.599998,56.857346,81900
3/21/2019,68.120003,68.599998,68,68.410004,56.699875,69000
3/22/2019,67.089996,67.150002,65.550003,66.029999,54.727264,137700
3/25/2019,64.970001,65.190002,64.629997,65.059998,53.923309,57300
3/26/2019,64.970001,65.389999,64.849998,65.309998,54.130508,74800
3/27/2019,65.089996,65.309998,64.510002,64.93,53.815563,71500
3/28/2019,65.07,65.75,64.949997,65.489998,54.279701,88300
3/29/2019,65.410004,65.519997,64.910004,65.43,54.229977,107100
4/1/2019,65.779999,66.75,65.389999,66.660004,55.249432,137700
4/2/2019,66.040001,66.209999,65.5,65.919998,54.636097,82700
4/3/2019,66.43,66.43,65.82,65.889999,54.611229,46200
4/4/2019,66.400002,66.879997,66.349998,66.639999,55.232845,54300
4/5/2019,66.839996,67.370003,66.82,67.279999,55.763294,69700
4/8/2019,67.419998,67.75,67.279999,67.580002,56.011948,47300
4/9/2019,67.529999,67.650002,67.239998,67.290001,55.771587,69000
4/10/2019,67,67.279999,66.669998,67.040001,55.564381,65500
4/11/2019,66,66.18,65.410004,65.800003,54.536644,66800
4/12/2019,65.989998,66.040001,65.529999,65.699997,54.453754,89800
4/15/2019,64.709999,64.720001,64.139999,64.529999,53.484032,84500
4/16/2019,64.610001,64.709999,64.010002,64.510002,53.467461,53300
4/17/2019,64.75,64.860001,63.919998,64.010002,53.053043,103700
4/18/2019,64.220001,64.790001,64.18,64.589996,53.53376,52300
4/22/2019,64.699997,65.720001,64.290001,65.410004,54.213398,145700
4/23/2019,65.389999,65.529999,65.169998,65.25,54.080788,52800
4/24/2019,65.190002,65.190002,64.370003,64.449997,53.417721,75500
4/25/2019,64.25,64.419998,63.98,64.040001,53.077908,80300
4/26/2019,64.349998,64.349998,63.470001,63.59,52.704937,81800
4/29/2019,63.599998,63.880001,63.040001,63.669998,52.77124,87100
4/30/2019,63.389999,63.689999,63.259998,63.290001,52.456291,57900
5/1/2019,63.34,63.84,62.939999,62.939999,52.166203,45500
5/2/2019,62.549999,62.549999,61.57,61.849998,51.262783,87900
5/3/2019,62.52,63.25,62.349998,62.419998,51.73521,62600
5/6/2019,61.02,62.23,61,61.93,51.329082,101800
5/7/2019,60.599998,60.73,59.610001,60.049999,49.770901,190900
5/8/2019,60.209999,60.380001,59.540001,60.02,49.746033,117900
5/9/2019,59.200001,59.650002,58.639999,59.34,49.182434,106800
5/10/2019,59.200001,59.209999,58,58.939999,48.850899,111900
5/13/2019,58.279999,58.369999,57.490002,57.869999,47.964062,186600
5/14/2019,58.189999,59.349998,57.799999,59.110001,48.991806,223000
5/15/2019,58.5,58.650002,57.93,58.41,48.411625,78100
5/16/2019,58.650002,59.23,58.650002,58.900002,48.817753,65800
5/17/2019,58.18,58.57,58,58.07,48.129826,79800
5/20/2019,58.57,58.669998,58.049999,58.099998,48.15469,78000
5/21/2019,58.48,58.939999,58.189999,58.380001,48.386765,141100
5/22/2019,58.259998,58.259998,57.75,57.849998,47.947487,61900
5/23/2019,57.580002,57.68,56.110001,56.310001,46.671097,147300
5/24/2019,57.619999,57.669998,57.189999,57.360001,47.541359,97900
5/28/2019,57.450001,57.5,56.889999,56.889999,47.151817,105900
5/29/2019,56.380001,56.740002,56.060001,56.709999,47.002628,102300
5/30/2019,56.75,56.860001,56.09,56.169998,46.555061,68300
5/31/2019,55.43,55.849998,55.330002,55.330002,45.858845,81400
6/3/2019,56.259998,56.310001,55.75,55.93,46.356144,99800
6/4/2019,55.740002,55.860001,55.029999,55.860001,46.298122,154700
6/5/2019,55.41,55.610001,54.240002,54.5,45.170921,101700
6/6/2019,54.470001,55.240002,54.470001,55.209999,45.759388,96400
6/7/2019,55.279999,55.98,55.209999,55.66,46.132355,62200
6/10/2019,55.52,55.810001,55.09,55.380001,45.900288,82500
6/11/2019,55.860001,55.959999,55.450001,55.450001,45.958309,80700
6/12/2019,54.799999,55.279999,54.119999,54.330002,45.030025,100600
6/13/2019,54.720001,54.790001,54.290001,54.779999,45.402992,126400
6/14/2019,54.77,54.77,54.310001,54.32,45.021732,83500
6/17/2019,54.360001,54.830002,54.220001,54.48,45.15435,91800
6/18/2019,55.110001,56.360001,54.880001,56.110001,46.505333,183400
6/19/2019,55.220001,55.439999,54.810001,55.139999,46.818642,108700
6/20/2019,55.889999,56.75,55.689999,56.720001,48.160202,225400
6/21/2019,56.43,56.43,55.830002,56.18,47.701694,120700
6/24/2019,56.07,56.18,55.689999,55.740002,47.328102,74400
6/25/2019,55.32,55.650002,55.07,55.23,46.895065,77100
6/26/2019,55.610001,55.880001,55.419998,55.75,47.336586,71300
6/27/2019,55.810001,55.810001,55.419998,55.419998,47.056389,63400
6/28/2019,55.439999,55.470001,54.959999,55.07,46.759209,54300
7/1/2019,56,56.66,55.419998,55.669998,47.268661,83100
7/2/2019,55.689999,55.959999,55.200001,55.209999,46.878075,88900
7/3/2019,54.939999,55.02,54.48,54.830002,46.555431,74500
7/5/2019,54.529999,54.650002,54.130001,54.5,46.275227,82900
7/8/2019,54.16,54.400002,53.860001,54.330002,46.130882,79800
7/9/2019,54.310001,54.400002,54.029999,54.369999,46.164845,81900
7/10/2019,54.700001,55.310001,54.389999,54.549999,46.31768,95500
7/11/2019,55.169998,55.169998,54.73,54.849998,46.572411,127300
7/12/2019,54.880001,54.900002,54.66,54.869999,46.58939,58400
7/15/2019,54.869999,55.02,54.490002,54.5,46.275227,72600
7/16/2019,54.700001,54.880001,54.07,54.200001,46.020504,101000
7/17/2019,54.650002,54.709999,54,54.09,45.927101,79500
7/18/2019,54.18,54.540001,54.029999,54.529999,46.300701,91000
7/19/2019,54.720001,55.16,54.720001,55.099998,46.784679,80900
7/22/2019,54.849998,54.849998,54.310001,54.630001,46.385612,68300
7/23/2019,54.509998,54.77,54.240002,54.77,46.504486,88100
7/24/2019,54.66,54.75,54.169998,54.169998,45.995026,64900
7/25/2019,54.509998,54.869999,54.02,54.07,45.910122,102200
7/26/2019,54.360001,54.450001,54.040001,54.040001,45.884647,63100
7/29/2019,54.25,54.25,53.59,53.759998,45.646904,74500
7/30/2019,53.650002,53.759998,53.09,53.43,45.366707,123900
7/31/2019,53.48,53.5,52.73,53.07,45.061031,91200
8/1/2019,53.290001,53.490002,51.66,51.93,44.093075,184700
8/2/2019,51.860001,51.860001,51.02,51.419998,43.660038,110700
8/5/2019,50.169998,50.18,49.040001,49.299999,41.859978,154100
8/6/2019,49.939999,49.959999,49.259998,49.540001,42.063759,151500
8/7/2019,49.099998,49.439999,48.5,49.389999,41.936394,177600
8/8/2019,49.709999,50.310001,49.580002,50.25,42.666607,112200
8/9/2019,49.849998,50.009998,49.259998,49.790001,42.276031,90100
8/12/2019,49.080002,49.119999,48.799999,49.02,41.622234,89400
8/13/2019,48.57,49.830002,48.380001,49.529999,42.055267,106800
8/14/2019,48.610001,48.610001,48.02,48.029999,40.781635,100800
8/15/2019,48.470001,48.599998,48.02,48.450001,41.138248,110600
8/16/2019,48.630001,48.970001,48.400002,48.77,41.409962,111700
8/19/2019,49.330002,49.5,48.02,49.470001,42.004322,74900
8/20/2019,49.810001,49.810001,49.419998,49.509998,42.038284,68100
8/21/2019,49.959999,50.110001,49.490002,49.68,42.182632,54000
8/22/2019,49.259998,49.34,48.68,48.830002,41.460907,67400
8/23/2019,48.43,48.720001,47.66,47.669998,40.475967,109300
8/26/2019,48.080002,48.200001,47.779999,47.98,40.739185,74600
8/27/2019,48.02,48.169998,47.709999,47.889999,40.662766,76700
8/28/2019,47.84,48.119999,47.650002,47.98,40.739185,72500
8/29/2019,48.220001,48.779999,48.150002,48.779999,41.418453,108300
8/30/2019,49.459999,49.889999,48.869999,49.049999,41.647705,135100
9/3/2019,49.23,49.5,48.950001,49.369999,41.919411,62900
9/4/2019,50.150002,50.220001,49.75,50.099998,42.539246,121400
9/5/2019,50.720001,51.259998,50.720001,50.900002,43.218517,69500
9/6/2019,51.02,51.049999,50.560001,50.91,43.227009,68700
9/9/2019,51.990002,52.98,51.990002,52.849998,44.874233,154900
9/10/2019,53.849998,54.16,53.27,53.380001,45.324253,163100
9/11/2019,53.849998,53.970001,52.990002,53.459999,45.392178,152900
9/12/2019,53.040001,53.330002,52.700001,52.759998,44.797817,172500
9/13/2019,52.93,53.220001,52.799999,53.080002,46.021175,109800
9/16/2019,55.119999,55.380001,54.540001,55.16,47.824566,253600
9/17/2019,54.740002,54.740002,53.299999,53.439999,46.333298,206100
9/18/2019,53.599998,53.869999,53.299999,53.560001,46.437344,92400
9/19/2019,53.27,53.459999,52.919998,52.950001,45.908463,98500
9/20/2019,52.869999,53.07,52.540001,52.790001,45.769741,82200
9/23/2019,52.349998,52.599998,52.279999,52.529999,45.544319,68100
9/24/2019,52.490002,52.490002,51.549999,51.75,44.868046,124400
9/25/2019,51.310001,51.5,51.060001,51.5,44.651295,77500
9/26/2019,51.080002,51.080002,50.299999,50.5,43.784275,87300
9/27/2019,50.560001,50.759998,49.869999,50.220001,43.541515,130500
9/30/2019,51.23,51.529999,50.799999,50.810001,44.053051,112700
10/1/2019,50.880001,51.060001,50.43,50.650002,43.91433,82600
10/2/2019,50.919998,51.189999,50.599998,50.619999,43.888317,93000
10/3/2019,51.119999,51.48,50.639999,51.34,44.512569,104100
10/4/2019,50.580002,50.580002,50.110001,50.580002,43.853638,88900
10/7/2019,50.459999,50.880001,50.400002,50.48,43.766933,49100
10/8/2019,50.650002,50.650002,50.200001,50.209999,43.532841,95700
10/9/2019,50.990002,51.080002,50.68,50.700001,43.957676,71800
10/10/2019,50.950001,51.400002,50.950001,51.32,44.495228,88100
10/11/2019,52.740002,52.889999,52.439999,52.57,45.578995,124900
10/14/2019,52.349998,52.349998,52.02,52.029999,45.110809,63700
10/15/2019,52.119999,52.490002,51.77,51.849998,44.954742,220500
10/16/2019,51.68,51.889999,51.57,51.650002,44.781349,120300
10/17/2019,52.040001,52.099998,51.68,51.84,44.946075,92600
10/18/2019,51.470001,51.790001,51.27,51.330002,44.503902,87200
10/21/2019,51.5,51.619999,51.130001,51.459999,44.616611,79300
10/22/2019,51.330002,51.610001,51.150002,51.389999,44.55592,81400
10/23/2019,51.200001,51.82,51,51.790001,44.902725,42700
10/24/2019,51.93,52.25,51.560001,51.700001,44.824696,59200
10/25/2019,51.939999,52.32,51.740002,52.220001,45.275543,59400
10/28/2019,52.630001,52.759998,52.509998,52.619999,45.622345,64000
10/29/2019,52,52.130001,51.759998,51.799999,44.911392,72000
10/30/2019,50.110001,50.34,49.119999,49.27,42.717846,218900
10/31/2019,48.830002,48.900002,48.060001,48.23,41.816147,150200
11/1/2019,48.32,48.950001,48.32,48.93,42.423061,98100
11/4/2019,49.720001,49.830002,49.470001,49.52,42.934605,89000
11/5/2019,50.32,50.689999,50.310001,50.509998,43.792942,88900
11/6/2019,50.799999,51.09,50.259998,50.259998,43.576191,104100
11/7/2019,50.77,50.939999,50.540001,50.799999,44.044376,81100
11/8/2019,50.349998,50.490002,50.029999,50.490002,43.775608,71400
11/11/2019,49.389999,49.73,49.240002,49.59,42.995293,59300
11/12/2019,49.099998,49.119999,48.52,48.630001,42.16296,123800
11/13/2019,48.119999,48.259998,47.82,47.93,41.556046,121300
11/14/2019,47.68,47.790001,47.169998,47.299999,41.00983,130500
11/15/2019,47.299999,47.700001,47.27,47.700001,41.356636,113000
11/18/2019,47.509998,47.509998,46.700001,46.790001,40.56765,120900
11/19/2019,47.389999,47.470001,46.790001,46.790001,40.56765,75400
11/20/2019,47.18,47.689999,47.130001,47.349998,41.053177,98600
11/21/2019,47.099998,47.529999,47,47.490002,41.174557,103900
11/22/2019,47.349998,47.360001,46.73,46.790001,40.56765,82400
11/25/2019,47.509998,47.830002,47.240002,47.650002,41.313286,75400
11/26/2019,47.630001,47.630001,47.09,47.369999,41.070518,76600
11/27/2019,47.189999,47.349998,46.790001,46.970001,40.723713,74900
11/29/2019,46.41,46.459999,45.77,45.810001,39.717976,72800
12/2/2019,45.669998,46.049999,45.639999,45.75,39.665951,70300
12/3/2019,45.400002,45.540001,44.799999,45.279999,39.258453,136000
12/4/2019,45.5,45.889999,45.5,45.740002,39.657284,80300
12/5/2019,45.599998,45.700001,45.299999,45.34,39.310482,72800
12/6/2019,45.689999,46.119999,45.400002,45.91,39.804676,88400
12/9/2019,45.919998,46.389999,45.919998,46.130001,39.995419,78400
12/10/2019,46.130001,46.25,45.860001,45.869999,39.769997,84700
12/11/2019,46.119999,46.490002,46.099998,46.41,40.238182,110200
12/12/2019,47,47.98,46.950001,47.830002,41.469345,159100
12/13/2019,48.43,49.150002,48.310001,48.41,41.972214,157500
12/16/2019,48.790001,49.080002,48.700001,48.77,42.284336,81300
12/17/2019,49.459999,49.689999,49.209999,49.5,42.917263,94000
12/18/2019,49.59,49.650002,49.310001,49.360001,42.795879,74600
12/19/2019,49.029999,49.150002,48.810001,48.959999,42.44907,89500
12/20/2019,49.380001,49.380001,49.049999,49.119999,42.587795,56900
12/23/2019,49.16,49.540001,48.990002,49.529999,42.943268,147000
12/24/2019,49.279999,49.360001,49.060001,49.099998,42.570454,60100
12/26/2019,49.380001,49.82,49.27,49.66,43.055984,54200
12/27/2019,50,50.310001,50,50.060001,43.402794,96200
12/30/2019,50.16,50.25,49.560001,49.57,42.977951,67400
12/31/2019,49.619999,50.34,49.619999,50.330002,43.636887,202600
1/2/2020,50.709999,51.110001,50.59,51.110001,44.313156,83200
1/3/2020,51.119999,51.98,51.119999,51.619999,44.755333,107300
1/6/2020,53.419998,53.549999,53.240002,53.369999,46.27261,147300
1/7/2020,53,53,52.400002,52.860001,45.830433,96500
1/8/2020,52.919998,53,51.619999,51.77,44.885387,207000
1/9/2020,52.18,52.619999,52.049999,52.549999,45.561657,91600
1/10/2020,51.700001,51.75,51.330002,51.459999,44.616611,70200
1/13/2020,51.459999,51.779999,51.080002,51.68,44.807354,94900
1/14/2020,51.299999,51.400002,50.91,51.25,44.434536,126200
1/15/2020,50.939999,51.189999,50.610001,51,44.217785,77400
1/16/2020,51.139999,51.279999,51.009998,51.23,44.417198,76300
1/17/2020,51.630001,52.169998,50.610001,50.950001,44.174435,112100
1/21/2020,49.310001,49.389999,48.52,48.549999,42.093594,153900
1/22/2020,48.98,48.98,48.580002,48.779999,42.293011,78000
1/23/2020,48,48.310001,47.459999,48.119999,41.720779,95500
1/24/2020,47.950001,47.950001,47.110001,47.349998,41.053177,106600
1/27/2020,45.689999,46.299999,45.689999,46.119999,39.986748,135700
1/28/2020,46.110001,46.490002,45.98,46.02,39.900047,67100
1/29/2020,46.200001,46.310001,45.599998,45.860001,39.761326,79800
1/30/2020,45.200001,45.439999,44.91,45.360001,39.327816,113800
1/31/2020,44.529999,44.669998,43.82,44.009998,38.157345,147400
2/3/2020,43.720001,43.860001,43.040001,43.080002,37.351025,112900
2/4/2020,44.080002,44.259998,43.810001,43.93,38.087986,133300
2/5/2020,44.700001,44.880001,44.389999,44.400002,38.495483,132200
2/6/2020,45.16,45.16,44.610001,44.990002,39.007027,126800
2/7/2020,44.580002,44.599998,44.130001,44.349998,38.452129,92300
2/10/2020,44.25,44.25,43.919998,44.07,38.20937,61600
2/11/2020,44.639999,44.970001,44.43,44.610001,38.677555,74400
2/12/2020,45.150002,45.700001,45.150002,45.619999,39.553238,112200
2/13/2020,44.849998,44.849998,44.41,44.529999,38.608192,67900
2/14/2020,44.630001,44.790001,44.279999,44.41,38.50415,41700
2/18/2020,44.25,44.34,44.099998,44.200001,38.322079,67800
2/19/2020,44.349998,44.459999,44.099998,44.369999,38.469471,113600
2/20/2020,44.110001,44.139999,43.759998,43.810001,37.983944,94700
2/21/2020,43.639999,43.68,43.299999,43.380001,37.611126,76500
2/24/2020,41.91,41.93,40.84,41.23,35.747044,198700
2/25/2020,41.369999,41.369999,40.16,40.259998,34.90604,168500
2/26/2020,40.48,41.07,40.299999,40.34,34.975399,130800
2/27/2020,40.029999,40.48,39.560001,39.720001,34.437851,125400
2/28/2020,38.18,39.139999,38.099998,39.060001,33.86562,171600
3/2/2020,39.599998,40.169998,39.150002,40.119999,34.784657,203400
3/3/2020,39.5,40.25,38.84,39.330002,34.099716,135300
3/4/2020,39.310001,39.48,38.939999,39.439999,34.195087,119800
3/5/2020,39.150002,39.490002,38.779999,39.130001,33.926315,140100
3/6/2020,38.25,38.369999,37.02,37.349998,32.383022,178200
3/9/2020,34.689999,35.84,33.82,34.029999,29.50453,433500
3/10/2020,35.369999,36.27,35.060001,35.919998,31.143192,285000
3/11/2020,34.580002,35.150002,34.139999,34.419998,29.842667,165800
3/12/2020,32.48,32.48,30.450001,31.219999,27.06822,265300
3/13/2020,33.75,34,31.33,34,29.478523,235500
3/16/2020,29,31.18,29,30.639999,26.56535,377200
3/17/2020,31.040001,31.1,29.959999,30.809999,26.712744,480500
3/18/2020,28.82,29.370001,27.74,28.59,24.78797,353800
3/19/2020,28.549999,30.790001,28.02,29.67,25.724344,336600
3/20/2020,30.41,30.76,29.18,29.459999,25.542273,172800
3/23/2020,29.93,30.700001,29.290001,30.559999,26.495989,297800
3/24/2020,32.18,32.57,31.51,32.34,28.039276,181000
3/25/2020,33.080002,34.349998,32.700001,33.580002,29.114378,188700
3/26/2020,33.23,34.189999,32.209999,33.27,28.845604,194000
3/27/2020,31.459999,32.43,31.440001,31.940001,27.692472,168100
3/30/2020,33.73,34.139999,33.32,34,29.478523,144400
3/31/2020,36.279999,36.650002,35.73,36,31.212553,238900
4/1/2020,35.049999,36.139999,35.02,35.349998,30.648991,209900
4/2/2020,38.52,41.200001,38.110001,40.619999,35.218166,428300
4/3/2020,38.080002,38.580002,37.509998,37.98,32.929241,310600
4/6/2020,38.540001,38.860001,37.830002,38.5,33.380093,238000
4/7/2020,39.220001,39.220001,37.09,37.59,32.59111,308800
4/8/2020,37.599998,38.360001,37.32,38.119999,33.050625,150000
4/9/2020,38.93,39.16,37.369999,38.009998,32.955257,211700
4/13/2020,38.27,38.27,37.110001,37.32,32.35701,120600
4/14/2020,37.279999,37.93,37.099998,37.540001,32.54776,345100
4/15/2020,36.23,36.23,35.470001,35.720001,30.969791,334600
4/16/2020,35.52,35.52,35.009998,35.439999,30.727022,128400
4/17/2020,35.630001,36.150002,35.509998,36.110001,31.307924,248900
4/20/2020,35.279999,36.16,35.18,35.41,30.701012,199800
4/21/2020,34.919998,34.919998,33.59,33.939999,29.4265,165100
4/22/2020,35.16,35.869999,34.82,34.82,30.189478,188900
4/23/2020,35.18,35.459999,34.779999,35.02,30.362879,127600
4/24/2020,35.099998,35.27,34.59,35.099998,30.432238,109400
4/27/2020,34.77,35.580002,34.759998,35.5,30.779049,110200
4/28/2020,36,36.450001,35.509998,35.66,30.91777,110400
4/29/2020,36.639999,36.779999,36.099998,36.66,31.784784,170000
4/30/2020,36.740002,36.779999,35.599998,35.830002,31.065163,159700
5/1/2020,35.110001,35.290001,33.580002,34.349998,29.781977,155000
5/4/2020,33,33.169998,32.720001,33.009998,28.620178,286900
5/5/2020,33.610001,34.450001,33.330002,33.93,29.417833,213800
5/6/2020,34.419998,34.48,33.82,34.200001,29.651926,169700
5/7/2020,34.349998,34.810001,33.84,33.950001,29.435173,117900
5/8/2020,34.630001,35.07,34.5,35.02,30.362879,95800
5/11/2020,35.150002,35.459999,35.040001,35.240002,30.553623,92100
5/12/2020,35.060001,35.060001,34.360001,34.360001,29.790646,80500
5/13/2020,34.23,34.259998,33.349998,33.599998,29.131718,120400
5/14/2020,32.939999,33.650002,32.810001,33.48,29.027674,91700
5/15/2020,32.84,33.099998,32.75,32.84,28.472786,91500
5/18/2020,34.540001,35.849998,34.490002,35.720001,30.969791,162600
5/19/2020,35.779999,35.939999,35.349998,35.360001,30.657663,116600
5/20/2020,35.5,35.93,35.310001,35.540001,30.813726,109900
5/21/2020,35.099998,35.110001,34.52,34.740002,30.120113,125000
5/22/2020,33.709999,33.709999,33.09,33.299999,28.871611,152500
5/26/2020,34.400002,34.459999,34.07,34.169998,29.625916,115300
5/27/2020,34.439999,34.439999,33.77,33.91,29.40049,124100
5/28/2020,33.98,34.240002,33.689999,33.900002,29.391823,129300
5/29/2020,34.380001,34.82,34.02,34.799999,30.172132,159900
6/1/2020,34.709999,34.98,34.639999,34.950001,30.302189,59300
6/2/2020,34.810001,35.450001,34.759998,35.380001,30.675005,179600
6/3/2020,35.939999,36.450001,35.84,36.34,31.507336,143000
6/4/2020,35.349998,35.509998,35.110001,35.439999,30.727022,129700
6/5/2020,36.560001,37.25,36.41,37.029999,32.105579,210800
6/8/2020,37.099998,37.25,36.57,36.720001,31.836805,233700
6/9/2020,36.139999,37.119999,36.139999,37,32.079567,108500
6/10/2020,36.599998,36.77,36.09,36.279999,31.455315,119900
6/11/2020,35,35.240002,34.299999,34.389999,29.816656,225600
6/12/2020,34.900002,34.900002,33.939999,34.310001,29.747295,129000
6/15/2020,33.93,34.34,33.400002,34.09,29.556553,113400
6/16/2020,35.59,36.080002,35.25,35.540001,30.813726,127300
6/17/2020,36,36.060001,35.66,35.84,31.073828,135500
6/18/2020,35.91,36.16,35.830002,35.889999,31.117182,98900
6/19/2020,35.5,35.5,34.610001,35.009998,31.164356,253600
6/22/2020,34.82,35.049999,34.650002,34.970001,31.128752,78700
6/23/2020,35.049999,35.200001,34.77,34.77,30.950724,90300
6/24/2020,34.349998,34.450001,33.580002,33.889999,30.167385,99000
6/25/2020,33.650002,34.07,33.48,34.07,30.327612,75400
6/26/2020,33.91,33.91,33.32,33.459999,29.784618,84200
6/29/2020,33.349998,33.509998,33.18,33.389999,29.722307,108200
6/30/2020,33.130001,33.139999,32.689999,33.07,29.437456,201100
7/1/2020,33.139999,33.720001,33.139999,33.240002,29.588785,103000
7/2/2020,34.110001,34.41,33.970001,34.360001,30.585756,130500
7/6/2020,36.939999,37.900002,36.939999,37.889999,33.728008,265300
7/7/2020,36.369999,36.610001,36.139999,36.169998,32.196938,100900
7/8/2020,36.349998,37.41,36.25,37.349998,33.247322,619800
7/9/2020,37.380001,37.380001,36.360001,36.57,32.553005,154700
7/10/2020,35.93,36.099998,35.709999,35.970001,32.018909,113100
7/13/2020,35.970001,36.23,35.459999,35.459999,31.564926,106700
7/14/2020,34.990002,35.389999,34.82,35.330002,31.449209,84600
7/15/2020,35,35.099998,34.810001,35,31.155457,91100
7/16/2020,34.200001,34.32,34,34.09,30.345415,100000
7/17/2020,34.27,34.41,34.009998,34.139999,30.389923,67100
7/20/2020,34.400002,34.669998,34.400002,34.5,30.710382,99500
7/21/2020,34.810001,35.68,34.560001,35.080002,31.226671,341900
7/22/2020,35.880001,36.48,35.669998,36.400002,32.401676,297800
7/23/2020,36.290001,38.130001,36.200001,37.619999,33.487667,675700
7/24/2020,37.040001,37.049999,36.18,36.41,32.41058,258700
7/27/2020,36.09,36.09,35.759998,35.990002,32.036713,214800
7/28/2020,35.400002,35.400002,35.119999,35.130001,31.271177,196500
7/29/2020,35.27,35.360001,35.130001,35.220001,31.351294,130400
7/30/2020,34.720001,34.720001,34.16,34.66,30.852806,183800
7/31/2020,34.540001,34.720001,34.18,34.450001,30.665873,197800
8/3/2020,34.07,34.450001,34.060001,34.32,30.550154,151200
8/4/2020,34.470001,35.09,34.470001,34.970001,31.128752,129700
8/5/2020,35.790001,36.560001,35.790001,36.360001,32.36607,193300
8/6/2020,35.990002,36,35.689999,35.860001,31.920994,104100
8/7/2020,35.029999,35.029999,34.509998,34.720001,30.906214,133900
8/10/2020,34.77,35.099998,34.740002,35.099998,31.244473,89500
8/11/2020,35.130001,35.389999,34.860001,34.860001,31.030836,105800
8/12/2020,35.389999,35.650002,35.200001,35.619999,31.707352,63100
8/13/2020,35.389999,35.43,35.119999,35.16,31.297882,69300
8/14/2020,35.009998,35.220001,34.869999,35.02,31.173262,63100
8/17/2020,35.580002,36.169998,35.580002,36.060001,32.099022,98800
8/18/2020,35.779999,35.779999,35.18,35.299999,31.422501,83700
8/19/2020,35.18,35.349998,35.060001,35.119999,31.262276,123400
8/20/2020,34.619999,34.779999,34.43,34.700001,30.888414,51500
8/21/2020,34.669998,34.740002,34.540001,34.720001,30.906214,57000
8/24/2020,34.990002,35.169998,34.860001,34.950001,31.110952,64700
8/25/2020,35.130001,35.369999,35.099998,35.34,31.458111,60300
8/26/2020,35.119999,35.23,35,35.169998,31.30678,47900
8/27/2020,34.5,34.5,33.93,34.419998,30.639164,201900
8/28/2020,34.68,35.209999,34.470001,34.82,30.995232,103400
8/31/2020,34.639999,34.650002,34.330002,34.509998,30.71928,92400
9/1/2020,34.66,34.900002,34.470001,34.66,30.852806,121400
9/2/2020,34.200001,34.220001,33.57,33.689999,29.989351,137400
9/3/2020,33.360001,33.470001,32.93,33.349998,29.686699,176000
9/4/2020,33.540001,33.540001,32.669998,33.240002,29.588785,85500
9/8/2020,32.880001,32.939999,32.400002,32.529999,28.956772,128000
9/9/2020,32.91,32.98,32.700001,32.900002,29.286133,212000
9/10/2020,32.5,32.610001,31.870001,31.870001,28.36927,188800
9/11/2020,31.540001,32.259998,31.540001,31.879999,28.37817,161400
9/14/2020,32.060001,32.099998,31.879999,32.02,28.502794,108900
9/15/2020,32.34,32.419998,32.110001,32.240002,28.698629,79000
9/16/2020,32.41,32.470001,32.150002,32.310001,28.760939,159900
9/17/2020,32.279999,32.73,32.23,32.700001,29.108099,135800
9/18/2020,32.799999,32.799999,32.169998,32.299999,28.752035,148100
9/21/2020,31.77,31.9,31.41,31.76,28.271353,159900
9/22/2020,31.540001,31.59,31.030001,31.219999,27.790668,188200
9/23/2020,31.08,31.209999,30.559999,30.66,27.292179,180700
9/24/2020,30.16,30.559999,30.059999,30.309999,26.980627,172400
9/25/2020,30.280001,30.360001,29.969999,30.34,27.007332,262700
9/28/2020,29.540001,29.959999,29.42,29.76,27.642668,281300
9/29/2020,29.43,29.49,29.23,29.35,27.261839,152900
9/30/2020,29.48,29.75,29.309999,29.440001,27.345436,112300
10/1/2020,29.540001,29.620001,29.280001,29.43,27.336147,107900
10/2/2020,28.969999,29.450001,28.969999,29.139999,27.066778,117900
10/5/2020,29.08,29.440001,29.040001,29.440001,27.345436,141600
10/6/2020,29.32,29.58,29.17,29.190001,27.113222,131400
10/7/2020,29.32,29.32,29.030001,29.16,27.085356,90900
10/8/2020,29.34,29.700001,29.200001,29.639999,27.531204,126800
10/9/2020,29.450001,29.5,29.25,29.32,27.233973,105200
10/12/2020,29.57,29.620001,29.379999,29.58,27.475473,81600
10/13/2020,29.540001,29.700001,29.5,29.58,27.475473,79000
10/14/2020,29,29.08,28.66,28.66,26.62093,147700
10/15/2020,28.33,28.549999,28.209999,28.52,26.490891,61000
10/16/2020,28.469999,28.469999,28.24,28.32,26.305119,85400
10/19/2020,28.51,28.610001,28.280001,28.309999,26.29583,60200
10/20/2020,28.299999,28.41,28.129999,28.34,26.323696,77700
10/21/2020,28.35,28.41,28.17,28.23,26.221521,63100
10/22/2020,28.09,28.360001,28.030001,28.35,26.332985,183800
10/23/2020,29.440001,29.809999,29.41,29.610001,27.50334,136200
10/26/2020,29.16,29.309999,29.02,29.27,27.187531,59200
10/27/2020,29.01,29.389999,29.01,29.200001,27.122511,79500
10/28/2020,28.459999,28.49,28.040001,28.049999,26.054327,102000
10/29/2020,28.15,28.200001,27.68,28.200001,26.193657,88600
10/30/2020,27.940001,28.459999,27.940001,28.459999,26.435158,137700
11/2/2020,28.719999,29.030001,28.49,29.02,26.955317,181300
11/3/2020,29.360001,29.91,29.360001,29.83,27.707687,162900
11/4/2020,29.65,30.26,29.58,29.950001,27.819149,136500
11/5/2020,29.950001,30.139999,29.77,29.860001,27.735554,77700
11/6/2020,29.92,29.950001,29.780001,29.83,27.707687,93900
11/9/2020,31.459999,33,31.030001,32.610001,30.2899,374100
11/10/2020,32.43,32.970001,32.150002,32.68,30.354919,161200
11/11/2020,32.970001,33,32.540001,32.68,30.354919,207500
11/12/2020,32.189999,32.299999,31.51,31.73,29.472507,103500
11/13/2020,31.299999,31.43,31.139999,31.24,29.017368,109700
11/16/2020,31.66,32,31.540001,31.9,29.630413,128500
11/17/2020,32.48,32.98,32.380001,32.880001,30.540689,123500
11/18/2020,32.869999,32.970001,32.459999,32.470001,30.159861,89800
11/19/2020,32.650002,32.869999,32.369999,32.799999,30.466379,228900
11/20/2020,32.450001,32.75,32.25,32.689999,30.364206,160500
11/23/2020,33.080002,33.830002,33.080002,33.740002,31.339504,227600
11/24/2020,34,34.07,33.799999,34.009998,31.590292,209900
11/25/2020,34.09,34.25,33.689999,34.099998,31.673889,128500
11/27/2020,34.060001,34.200001,33.900002,34,31.581005,65000
11/30/2020,32.580002,32.779999,31.68,31.85,29.583971,325100
12/1/2020,32.799999,32.799999,31.68,31.809999,29.546816,163300
12/2/2020,32.009998,32.790001,32.009998,32.299999,30.001953,196600
12/3/2020,32.25,32.25,31.76,31.84,29.574682,166100
12/4/2020,31.84,32.200001,31.68,31.950001,29.676857,253400
12/7/2020,31.299999,31.459999,30.9,31.450001,29.212429,203000
12/8/2020,30.780001,30.99,30.559999,30.68,28.497213,248700
12/9/2020,30.67,30.67,29.9,30.07,27.930613,166800
12/10/2020,30.219999,31.059999,30.07,30.65,28.469347,320400
12/11/2020,30.65,31.15,30.6,30.83,28.636539,170100
12/14/2020,31.08,31.41,30.809999,30.809999,28.617964,182800
12/15/2020,31.110001,31.16,30.91,31.07,28.859465,105100
12/16/2020,30.969999,31.450001,30.59,30.83,28.636539,270500
12/17/2020,31.1,31.1,30.66,30.84,28.64583,117500
12/18/2020,31.030001,31.51,30.959999,31.299999,29.073101,296600
12/21/2020,30.76,30.790001,30.5,30.5,28.330017,133000
12/22/2020,30.459999,30.459999,29.9,29.92,27.791283,162100
12/23/2020,30.379999,30.620001,30.26,30.389999,28.227844,217600
12/24/2020,30.469999,30.68,30.299999,30.610001,28.432192,67300
12/28/2020,30.870001,31.190001,30.73,31.08,28.868753,124200
12/29/2020,30.98,31.280001,30.959999,30.969999,28.766581,99300
12/30/2020,31.02,31.23,30.879999,30.879999,28.682981,87900
12/31/2020,30.83,30.879999,30.440001,30.719999,28.534365,196200
1/4/2021,30.299999,31.1,30.26,30.65,28.469347,217900
1/5/2021,30.74,31.450001,30.74,31.08,28.868753,193300
1/6/2021,31.5,31.93,31.299999,31.41,29.175276,147100
1/7/2021,31.379999,31.639999,31.110001,31.52,29.277451,146100
1/8/2021,31.25,31.379999,30.959999,31.299999,29.073101,106000
1/11/2021,31.27,31.75,31.27,31.67,29.416777,82100
1/12/2021,31.99,32.709999,31.940001,32.5,30.187725,173400
1/13/2021,33.360001,33.720001,33.110001,33.400002,31.023695,222600
1/14/2021,33.57,34.240002,33.560001,33.98,31.562426,140500
1/15/2021,33.330002,33.439999,32.880001,33.049999,30.698595,139900
1/19/2021,33.990002,34.73,33.889999,34.279999,31.841084,134700
1/20/2021,34.349998,34.5,34.130001,34.200001,31.766775,108500
1/21/2021,34.029999,34.349998,33.799999,34.009998,31.590292,108300
1/22/2021,32.84,32.939999,32.389999,32.709999,30.382784,117500
1/25/2021,31.92,32.049999,31.360001,31.92,29.648991,190800
1/26/2021,31.48,31.530001,31.15,31.190001,28.970928,243200
1/27/2021,31.35,31.889999,31.120001,31.120001,28.905909,136200
1/28/2021,31,31.370001,30.98,31.23,29.008081,98400
1/29/2021,30.83,31.280001,30.34,30.42,28.255711,171100
2/1/2021,30.83,30.83,30.299999,30.49,28.32073,153700
2/2/2021,30.620001,30.860001,30.57,30.610001,28.432192,83400
2/3/2021,30.68,31.1,30.610001,31.08,28.868753,90600
2/4/2021,31.040001,31.110001,30.629999,31.110001,28.89662,86100
2/5/2021,30.98,31.379999,30.889999,31.110001,28.89662,94100
2/8/2021,31.41,31.440001,31.219999,31.41,29.175276,138500
2/9/2021,31.610001,31.940001,31.58,31.879999,29.611835,90900
2/10/2021,31.879999,31.879999,31.450001,31.610001,29.361046,119400
2/11/2021,31.6,31.690001,31.299999,31.469999,29.231007,76700
2/12/2021,31.52,32.220001,31.51,32.07,29.788319,108800
2/16/2021,34.990002,35.669998,34.82,35.099998,32.602741,369400
2/17/2021,35.610001,35.68,35.16,35.57,33.039303,162000
2/18/2021,35.18,35.23,34.619999,34.98,32.49128,171300
2/19/2021,34.810001,35.080002,34.150002,34.200001,31.766775,168600
2/22/2021,35.799999,36.900002,35.75,36.66,34.051754,386800
2/23/2021,37.130001,37.810001,36.52,37.470001,34.804127,262100
2/24/2021,37,37.150002,36.41,36.91,34.283966,283100
2/25/2021,36.98,37.290001,36.209999,36.360001,33.773098,184100
2/26/2021,36.360001,36.360001,35.419998,35.759998,33.215786,415000
3/1/2021,36.389999,36.610001,36.02,36.290001,33.708076,191000
3/2/2021,35.75,35.75,35.259998,35.279999,32.769936,183800
3/3/2021,35.82,36.560001,35.59,36.310001,33.726658,185500
3/4/2021,36.560001,37.84,36.560001,37.040001,34.40472,226300
3/5/2021,38,39.349998,37.939999,39.119999,36.336731,480500
3/8/2021,39.98,40.490002,39.169998,39.360001,36.559658,283800
3/9/2021,38.689999,38.889999,38.16,38.220001,35.500767,300000
3/10/2021,38.599998,38.669998,38.009998,38.509998,35.77013,151600
3/11/2021,39.23,39.380001,39.009998,39.25,36.457481,197900
3/12/2021,39,39,38.639999,38.689999,35.937325,142600
3/15/2021,39.02,39.68,38.68,39.619999,36.801159,186500
3/16/2021,39.259998,39.400002,39.060001,39.240002,36.448196,143700
3/17/2021,39,39.330002,38.900002,39.220001,36.429619,201300
3/18/2021,39.119999,39.200001,37.880001,38.07,35.361439,222300
3/19/2021,37.310001,37.900002,36.720001,37.41,34.748394,426300
3/22/2021,37.5,37.5,37.07,37.07,34.432583,106700
3/23/2021,36.48,36.48,35.68,35.830002,33.280807,291900
3/24/2021,36.240002,36.939999,36.16,36.52,33.921715,163900
3/25/2021,35.490002,35.82,35.110001,35.400002,32.881401,360800
3/26/2021,36.360001,36.380001,35.799999,36.380001,33.791676,202200
3/29/2021,36.330002,37,36.330002,36.889999,34.265388,128400
3/30/2021,36.880001,37.029999,36.73,36.82,34.200371,125200
3/31/2021,36.5,36.5,36.049999,36.150002,33.578041,176200
4/1/2021,36.290001,36.709999,35.700001,36.52,33.921715,192500
4/5/2021,36.02,36.209999,35.75,36,33.438709,152200
4/6/2021,36.029999,36.52,35.720001,35.84,33.290092,218100
4/7/2021,35.720001,35.950001,35.400002,35.84,33.290092,194300
4/8/2021,35.310001,35.580002,35.290001,35.360001,32.844246,127300
4/9/2021,35.529999,35.529999,35.049999,35.240002,32.732784,91300
4/12/2021,35.299999,35.630001,35.25,35.360001,32.844246,173200
4/13/2021,35.580002,35.860001,35.48,35.610001,33.076458,145400
4/14/2021,36,36.349998,35.84,36.16,33.587326,210900
4/15/2021,36.439999,36.73,36.150002,36.41,33.819542,228400
4/16/2021,36.669998,36.669998,36.41,36.529999,33.931004,114200
4/19/2021,36.799999,36.799999,36.509998,36.700001,34.088909,108400
4/20/2021,36.470001,36.470001,35.439999,35.439999,32.918552,445100
4/21/2021,35.290001,35.299999,34.880001,35.09,32.593456,336100
4/22/2021,35,35.130001,34.529999,34.73,32.259068,244900
4/23/2021,35,35.18,34.790001,35.099998,32.602741,103400
4/26/2021,35.150002,35.27,35.040001,35.130001,32.630608,149500
4/27/2021,35.299999,35.330002,34.849998,35.09,32.593456,128000
4/28/2021,35.25,35.93,35.25,35.779999,33.23436,187500
4/29/2021,36.41,37.869999,36.349998,37.279999,34.62764,415100
4/30/2021,36.810001,36.810001,35.849998,36.029999,33.466576,204400
5/3/2021,36.34,36.709999,36.220001,36.5,33.903137,170700
5/4/2021,37.259998,37.68,36.959999,37.279999,34.62764,226100
5/5/2021,37.919998,39.25,37.900002,38.68,35.92804,272600
5/6/2021,38.990002,39.16,38.650002,38.919998,36.150959,179900
5/7/2021,39.450001,39.77,39.27,39.73,36.903332,196500
5/10/2021,41.200001,41.599998,40.900002,41.18,38.250168,248900
5/11/2021,40.639999,40.919998,40.18,40.810001,37.906498,206800
5/12/2021,40.93,41.400002,40.630001,40.75,37.850765,235500
5/13/2021,40.369999,40.369999,39.57,39.91,37.070526,181800
5/14/2021,40.18,40.59,40.169998,40.389999,37.516376,116100
5/17/2021,40.369999,41.02,40.369999,40.959999,38.045818,181700
5/18/2021,42,42.419998,41.759998,41.91,38.928234,250300
5/19/2021,41.57,41.73,41.130001,41.650002,38.686733,137700
5/20/2021,40.830002,40.849998,40.110001,40.279999,37.4142,194100
5/21/2021,40.459999,40.700001,40.029999,40.110001,37.256298,113800
5/24/2021,40.380001,40.599998,40.139999,40.59,37.702148,117700
5/25/2021,40.790001,40.919998,40.490002,40.560001,37.674282,113300
5/26/2021,40.470001,40.709999,40.290001,40.68,37.785744,81000
5/27/2021,40.939999,40.939999,40.580002,40.810001,37.906498,136700
5/28/2021,41.07,41.450001,40.900002,41.25,38.315189,182500
6/1/2021,42.619999,42.619999,42.18,42.470001,39.448391,319800
6/2/2021,43.09,43.799999,43.029999,43.75,40.637321,294500
6/3/2021,43.389999,43.540001,43.060001,43.23,40.15432,151200
6/4/2021,43.5,43.959999,43.349998,43.880001,40.758072,140400
6/7/2021,43.650002,43.650002,42.939999,42.950001,39.894238,232600
6/8/2021,42.990002,43.43,42.779999,43.369999,40.284355,134800
6/9/2021,43.990002,44.040001,43.52,43.560001,40.460842,142800
6/10/2021,44.150002,44.439999,43.529999,44.009998,40.878822,175000
6/11/2021,45.560001,45.91,44.779999,45.119999,41.909851,235300
6/14/2021,45.669998,46.130001,45.470001,45.759998,42.504318,225200
6/15/2021,45.779999,46.029999,45.5,46.029999,42.755104,178300
6/16/2021,46.349998,46.400002,45.84,46.080002,42.801552,223600
6/17/2021,46.5,47.09,46.099998,46.810001,43.479614,499700
6/18/2021,45.16,45.189999,44.09,44.639999,42.68219,330200
6/21/2021,44.860001,44.900002,44.439999,44.900002,42.93079,181000
6/22/2021,46.369999,47.25,45.900002,47.139999,45.072544,383300
6/23/2021,47.91,48.48,47.52,47.630001,45.541058,215300
6/24/2021,48.599998,48.869999,48.209999,48.830002,46.688427,266800
6/25/2021,49.740002,50.889999,49.689999,50.599998,48.380795,333800
6/28/2021,50.16,50.220001,48.52,49.080002,46.927464,342200
6/29/2021,48.150002,48.150002,47.369999,47.459999,45.37851,252800
6/30/2021,48.73,49.380001,48.5,49.029999,46.879654,235700
7/1/2021,49.880001,51.16,49.790001,50.650002,48.428608,496900
7/2/2021,49.330002,49.810001,48.529999,49.509998,47.3386,262300
7/6/2021,49.330002,49.509998,48.200001,48.400002,46.277287,258300
7/7/2021,48.400002,48.400002,47.189999,47.470001,45.388073,264000
7/8/2021,45.209999,45.459999,44.639999,45.279999,43.294121,437900
7/9/2021,45.540001,45.619999,45,45.59,43.590527,270000
7/12/2021,45.23,45.330002,44.669998,44.68,42.720436,279000
7/13/2021,44.970001,45.400002,44.830002,45.110001,43.131577,246300
7/14/2021,44.849998,44.900002,43.540001,43.700001,41.783417,376600
7/15/2021,43.619999,44.290001,43.619999,43.880001,41.955524,225200
7/16/2021,43.52,43.82,42.630001,42.720001,40.846397,216200
7/19/2021,42,42.310001,41.360001,42.119999,40.272709,338000
7/20/2021,41.810001,42.189999,41.509998,42.119999,40.272709,200500
7/21/2021,42.209999,43.150002,42,42.860001,40.980259,366600
7/22/2021,43.139999,43.310001,42.66,43.23,41.33403,123900
7/23/2021,42.720001,42.740002,41.900002,42.240002,40.387451,179500
7/26/2021,41.470001,42.290001,41.07,42.049999,40.20578,302300
7/27/2021,41.880001,41.880001,40.990002,41.66,39.832886,233100
7/28/2021,42.400002,43.240002,42.360001,43.099998,41.209728,236100
7/29/2021,42.66,42.66,41.790001,42.209999,40.358765,281000
7/30/2021,42,42.040001,41.5,41.84,40.004993,160100
8/2/2021,42.5,42.849998,41.970001,41.970001,40.129292,162000
8/3/2021,42.279999,42.779999,41.639999,42.490002,40.626484,233700
8/4/2021,42.200001,42.200001,41.43,41.580002,39.756397,243200
8/5/2021,41.740002,42.049999,41.459999,41.580002,39.756397,181300
8/6/2021,41.580002,41.700001,41.34,41.5,39.679905,170200
8/9/2021,41.419998,42.009998,41.25,41.759998,39.928497,164300
8/10/2021,41.93,42.32,41.59,42.18,40.330082,239000
8/11/2021,42.759998,43.02,42.52,42.900002,41.018505,198100
8/12/2021,43.400002,43.860001,43.299999,43.830002,41.907715,217000
8/13/2021,43.82,43.82,43.150002,43.220001,41.324471,151600
8/16/2021,42.830002,42.830002,42.209999,42.740002,40.86552,155300
8/17/2021,41.73,41.950001,40.869999,40.91,39.11578,267300
8/18/2021,41.580002,41.580002,40.709999,40.740002,38.953236,285100
8/19/2021,39.68,39.68,38.799999,39.43,37.700687,372600
8/20/2021,38.650002,39.48,38.630001,39.07,37.356476,286700
8/23/2021,39.869999,40.84,39.849998,40.650002,38.867184,255500
8/24/2021,40.5,41.060001,40.43,40.529999,38.752445,231800
8/25/2021,40.700001,40.970001,40.43,40.66,38.876743,178900
8/26/2021,40.700001,40.889999,39.75,39.790001,38.044899,268000
8/27/2021,40.279999,40.959999,40.279999,40.919998,39.12534,179300
8/30/2021,42.380001,42.759998,42.110001,42.459999,40.597797,259700
8/31/2021,43.5,43.75,43.259998,43.610001,41.697365,258300
9/1/2021,44.07,44.240002,43.630001,44.009998,42.079819,221300
9/2/2021,44.43,45.09,44.34,44.59,42.634384,256700
9/3/2021,45.310001,45.549999,45,45.540001,43.542717,184300
9/7/2021,45.669998,46.360001,45.599998,45.830002,43.82,218500
9/8/2021,43.77,43.98,42.880001,43.119999,43.119999,260700
9/9/2021,43.099998,43.32,42.73,42.939999,42.939999,182400
9/10/2021,43.98,44.439999,43.810001,44.150002,44.150002,227100
9/13/2021,45.869999,46.549999,45.790001,46.41,46.41,273900
